account_number,address,age,balance,city,email,employer,firstname,gender,lastname,state
1,880 Holmes Lane,32,39225,Brogan,amberduke@pyrami.com,Pyrami,Amber,M,Duke,IL
6,671 Bristol Street,36,5686,Dante,hattiebond@netagy.com,Netagy,Hattie,M,Bond,TN
13,789 Madison Street,28,32838,Nogal,nanettebates@quility.com,Quility,Nanette,F,Bates,VA
18,467 Hutchinson Court,33,4180,Orick,daleadams@boink.com,Boink,Dale,M,Adams,MD
20,282 Kings Place,36,16418,Ribera,elinorratliff@scentric.com,Scentric,Elinor,M,Ratliff,WA
25,171 Putnam Avenue,39,40540,Nicholson,virginiaayala@filodyne.com,Filodyne,Virginia,F,Ayala,PA
32,702 Quentin Street,34,48086,Veguita,dillardmcpherson@quailcom.com,Quailcom,Dillard,F,Mcpherson,IN
37,826 Fillmore Place,39,18612,Tooleville,mcgeemooney@reversus.com,Reversus,Mcgee,M,Mooney,OK
44,502 Baycliff Terrace,37,34487,Yardville,aureliaharding@orbalix.com,Orbalix,Aurelia,M,Harding,DE
49,451 Humboldt Street,23,29104,Sunriver,fultonholt@anocha.com,Anocha,Fulton,F,Holt,RI
51,334 River Street,31,14097,Jacksonburg,burtonmeyers@bezal.com,Bezal,Burton,F,Meyers,MO
56,857 Tabor Court,32,14992,Sunnyside,josienelson@emtrac.com,Emtrac,Josie,M,Nelson,UT
63,510 Sedgwick Street,30,6077,Guilford,hughesowens@valpreal.com,Valpreal,Hughes,F,Owens,KS
68,927 Bay Parkway,25,44214,Shawmut,hallkey@eventex.com,Eventex,Hall,F,Key,CA
70,685 School Lane,33,38172,Chestnut,deidrethompson@netplode.com,Netplode,Deidre,F,Thompson,GA
75,166 Irvington Place,22,40500,Limestone,sandovalkramer@overfork.com,Overfork,Sandoval,F,Kramer,NH
82,195 Bayview Place,39,41412,Summerfield,concettabarnes@fitcore.com,Fitcore,Concetta,F,Barnes,NC
87,446 Halleck Street,22,1133,Coalmont,hewittkidd@isologics.com,Isologics,Hewitt,M,Kidd,ME
94,183 Kathleen Court,30,41060,Cornucopia,brittanycabrera@mixers.com,Mixers,Brittany,F,Cabrera,AZ
99,806 Rockwell Place,39,47159,Shaft,ratliffheath@zappix.com,Zappix,Ratliff,F,Heath,ND
102,759 Newkirk Avenue,27,29712,Choctaw,denaolson@hinway.com,Hinway,Dena,F,Olson,NJ
107,694 Jefferson Street,28,48844,Bellfountain,randirich@netplax.com,Netplax,Randi,M,Rich,SC
114,451 Oriental Court,31,43045,Sedley,josephinejoseph@turnabout.com,Turnabout,Josephine,F,Joseph,AL
119,302 Howard Place,28,49222,Herlong,lavernejohnson@senmei.com,Senmei,Laverne,F,Johnson,DC
121,479 Nova Court,32,19594,Islandia,acevedodorsey@netropic.com,Netropic,Acevedo,M,Dorsey,CT
126,620 National Drive,39,3607,Blodgett,effiegates@digitalus.com,Digitalus,Effie,F,Gates,MD
133,646 Underhill Avenue,36,26135,Austinburg,deenarichmond@sunclipse.com,Sunclipse,Deena,F,Richmond,SC
138,422 Malbone Street,39,9006,Gardiner,danielarnold@ecstasia.com,Ecstasia,Daniel,F,Arnold,MO
140,878 Schermerhorn Street,32,26696,Mayfair,cottonchristensen@prowaste.com,Prowaste,Cotton,M,Christensen,LA
145,891 Elton Street,32,47406,Ripley,rowenawilkinson@asimiline.com,Asimiline,Rowena,M,Wilkinson,NH
152,457 Guernsey Street,21,8088,Adelino,wolferocha@hivedom.com,Hivedom,Wolfe,M,Rocha,MS
157,132 Gunnison Court,20,39868,Castleton,claudiaterry@lumbrex.com,Lumbrex,Claudia,F,Terry,MD
164,308 Schaefer Street,26,9101,Chaparrito,cummingslittle@comtrak.com,Comtrak,Cummings,F,Little,WI
169,671 Seaview Court,34,45953,Hanover,hollieosborn@musaphics.com,Musaphics,Hollie,M,Osborn,GA
171,742 Prospect Place,39,7091,Finderne,neldahopper@equicom.com,Equicom,Nelda,M,Hopper,SC
176,906 Howard Avenue,28,18607,Why,kempwalters@eyewax.com,Eyewax,Kemp,F,Walters,KY
183,823 Herkimer Place,26,14223,Robbins,hudsonenglish@xinware.com,Xinware,Hudson,F,English,ND
188,583 Ainslie Street,24,41504,Summerset,tiamiranda@jasper.com,Jasper,Tia,F,Miranda,UT
190,636 Diamond Street,30,3150,Crumpler,blakedavidson@quantasis.com,Quantasis,Blake,F,Davidson,KY
195,955 Hopkins Street,31,5025,Ola,kayegibson@zork.com,Zork,Kaye,M,Gibson,WY
203,435 Furman Street,33,21890,Jamestown,evewyatt@assitia.com,Assitia,Eve,M,Wyatt,MN
208,810 Nostrand Avenue,26,40760,Brooktrails,garciahess@quiltigen.com,Quiltigen,Garcia,F,Hess,GA
210,539 Tiffany Place,24,33946,Fairacres,cherrycarey@martgo.com,Martgo,Cherry,M,Carey,AK
215,741 McDonald Avenue,20,37427,Edmund,copelandsolomon@recognia.com,Recognia,Copeland,M,Solomon,ME
222,333 Narrows Avenue,36,14764,Wright,rachellerice@enaut.com,Enaut,Rachelle,M,Rice,AZ
227,776 Little Street,22,19780,Eagleville,colemanberg@exoteric.com,Exoteric,Coleman,M,Berg,WV
234,709 Garfield Place,37,44207,Bendon,bettyhall@miraclis.com,Miraclis,Betty,F,Hall,NY
239,895 Brigham Street,36,25719,Belgreen,changboyer@qaboos.com,Qaboos,Chang,M,Boyer,NH
241,610 Tapscott Avenue,26,25379,Ebro,schroederharrington@otherway.com,Otherway,Schroeder,M,Harrington,TX
246,259 Kane Street,21,28405,Bath,katherynfoster@quantalia.com,Quantalia,Katheryn,F,Foster,TX
253,440 Fuller Place,31,20240,Lumberton,melissagould@buzzopia.com,Buzzopia,Melissa,M,Gould,MD
258,706 Frost Street,37,5712,Gardners,lindseyhawkins@enormo.com,Enormo,Lindsey,M,Hawkins,AK
260,735 Losee Terrace,30,2726,Rushford,kariskinner@singavera.com,Singavera,Kari,F,Skinner,WV
265,574 Everett Avenue,26,46910,Maplewood,marionschneider@evidends.com,Evidends,Marion,F,Schneider,WY
272,689 Fleet Street,25,19253,Sunbury,lillymorgan@biolive.com,Biolive,Lilly,F,Morgan,OH
277,456 Danforth Street,31,29564,Vincent,romerolott@plasto.com,Plasto,Romero,M,Lott,VT
284,875 Hamilton Avenue,29,22806,Crawfordsville,randolphbanks@caxt.com,Caxt,Randolph,M,Banks,WA
289,370 Sutton Street,29,7798,Nile,blairchurch@cubix.com,Cubix,Blair,M,Church,NH
291,685 Pierrepont Street,40,19955,Mappsville,lynnpollard@slambda.com,Slambda,Lynn,F,Pollard,ID
296,168 Woodbine Street,34,24606,Robinson,rosaoliver@idetica.com,Idetica,Rosa,M,Oliver,WY
304,866 Boulevard Court,35,28647,Avalon,palmerclark@maximind.com,Maximind,Palmer,M,Clark,NH
309,206 Alice Court,30,3830,Ferney,rosemarienieves@zounds.com,Zounds,Rosemarie,M,Nieves,AR
311,960 Glendale Court,23,13388,Fairforest,vinsonballard@gynk.com,Gynk,Vinson,F,Ballard,WY
316,396 Lombardy Street,32,8214,Neahkahnie,anitaewing@panzent.com,Panzent,Anita,M,Ewing,WY
323,356 Dare Court,34,42230,Dundee,chelseagamble@isosphere.com,Isosphere,Chelsea,F,Gamble,MD
328,438 Hicks Street,27,12523,Marion,goodcampbell@gracker.com,Gracker,Good,F,Campbell,CA
330,431 Beekman Place,34,41620,Talpa,yvettebrowning@marketoid.com,Marketoid,Yvette,F,Browning,CO
335,252 Bushwick Avenue,24,35433,Manila,verahansen@zanilla.com,Zanilla,Vera,M,Hansen,TN
342,570 Cobek Court,36,33670,Fontanelle,vivianwells@nutralab.com,Nutralab,Vivian,M,Wells,OK
347,784 Pulaski Street,24,36038,Goochland,gouldcarson@mobildata.com,Mobildata,Gould,F,Carson,MI
354,691 Saratoga Avenue,22,21294,Tioga,kiddmclean@ronbert.com,Ronbert,Kidd,M,Mclean,ME
359,679 Rutledge Street,28,29927,Williston,vanessaharvey@zentime.com,Zentime,Vanessa,F,Harvey,IL
361,702 Tillary Street,36,23659,Derwood,noreenshelton@medmex.com,Medmex,Noreen,M,Shelton,NH
366,470 Coleman Street,31,42368,Datil,lydiacooke@comstar.com,Comstar,Lydia,M,Cooke,TN
373,837 Horace Court,21,9671,Tolu,simpsoncarpenter@snips.com,Snips,Simpson,M,Carpenter,MA
378,644 Thomas Street,36,27100,Keller,watsonsimpson@wrapture.com,Wrapture,Watson,F,Simpson,TX
380,154 Melba Court,33,35628,Boyd,fernandezreid@cosmosis.com,Cosmosis,Fernandez,F,Reid,NE
385,933 Lloyd Street,22,11022,Waverly,rosalindavalencia@zoarere.com,Zoarere,Rosalinda,M,Valencia,GA
392,136 Ford Street,35,31613,Chical,dotsondean@petigems.com,Petigems,Dotson,M,Dean,SD
397,840 Morgan Avenue,36,37418,Edenburg,leonardgray@recritube.com,Recritube,Leonard,F,Gray,AL
400,405 Cornelia Street,21,20685,Gulf,kaneking@tri@tribalog.com,Tri@Tribalog,Kane,F,King,VT
405,990 Concord Street,26,5679,Southmont,stricklandfuller@digique.com,Digique,Strickland,M,Fuller,NV
412,846 Vine Street,26,27436,Cedarville,ileneabbott@typhonica.com,Typhonica,Ilene,M,Abbott,VT
417,677 Hope Street,35,1788,Ironton,wheelerayers@fortean.com,Fortean,Wheeler,F,Ayers,PA
424,112 Hunterfly Place,34,36818,Onton,traciegregory@comstruct.com,Comstruct,Tracie,M,Gregory,TN
429,404 Willoughby Avenue,31,46970,Cowiche,cantulindsey@inquala.com,Inquala,Cantu,M,Lindsey,IA
431,263 Aviation Road,26,13136,Harmon,laurieshaw@zillanet.com,Zillanet,Laurie,F,Shaw,WV
436,363 Albemarle Road,23,27585,Calpine,alexandersargent@fangold.com,Fangold,Alexander,M,Sargent,OR
443,538 Erskine Loop,23,7588,Corinne,huffthomas@accufarm.com,Accufarm,Huff,M,Thomas,AL
448,984 Woodside Avenue,35,22776,Darrtown,adrianamcfadden@telequiet.com,Telequiet,Adriana,F,Mcfadden,WI
450,487 Keen Court,25,2643,Hamilton,bradfordnielsen@exovent.com,Exovent,Bradford,M,Nielsen,DE
455,741 Richmond Street,36,39556,Clinton,lynntran@optyk.com,Optyk,Lynn,M,Tran,WV
462,810 Milford Street,27,10871,Kula,calderonday@cofine.com,Cofine,Calderon,M,Day,OK
467,384 Karweg Place,32,6312,Tetherow,angelicamay@keeg.com,Keeg,Angelica,F,May,IA
474,192 Ide Court,40,35896,Crucible,obrienwalton@suremax.com,Suremax,Obrien,F,Walton,UT
479,904 Bouck Court,40,31865,Nord,cameronross@telpod.com,Telpod,Cameron,M,Ross,MO
481,361 Hanover Place,33,20024,Wyoming,linastanley@strozen.com,Strozen,Lina,M,Stanley,NC
486,991 Applegate Court,22,35902,Salix,dixiefuentes@portico.com,Portico,Dixie,F,Fuentes,VA
493,297 Friel Place,24,5871,Kidder,campbellbest@fanfare.com,Fanfare,Campbell,M,Best,GA
498,649 Columbia Place,39,10516,Crenshaw,stellahinton@flyboyz.com,Flyboyz,Stella,F,Hinton,SC
501,451 Clifton Place,36,16572,Gouglersville,kelleyochoa@bluplanet.com,Bluplanet,Kelley,M,Ochoa,CT
506,731 Cleveland Street,28,43440,Lloyd,davidsonsalas@sequitur.com,Sequitur,Davidson,M,Salas,ME
513,428 Durland Place,37,30040,Kiskimere,maryellenrose@waterbaby.com,Waterbaby,Maryellen,F,Rose,RI
518,137 Ryder Street,29,48954,Riverton,finchcurtis@viagrand.com,Viagrand,Finch,F,Curtis,MO
520,818 Harden Street,32,27987,Sidman,brandycalhoun@maxemia.com,Maxemia,Brandy,M,Calhoun,OR
525,746 Ludlam Place,25,23545,Harold,hollymiles@xurban.com,Xurban,Holly,M,Miles,AR
532,268 Canarsie Road,26,17207,Stouchsburg,hardinkirk@exposa.com,Exposa,Hardin,M,Kirk,IL
537,910 Lake Street,29,31069,Rivera,morinfrost@primordia.com,Primordia,Morin,M,Frost,DE
544,908 Glen Street,21,41735,Dale,shortdennis@minga.com,Minga,Short,F,Dennis,KY
549,444 Schenck Place,40,1932,Oretta,jacquelinemaxwell@fuelworks.com,Fuelworks,Jacqueline,M,Maxwell,OR
551,380 Murdock Court,27,21732,Homeland,milagrostravis@sloganaut.com,Sloganaut,Milagros,F,Travis,AR
556,591 Nolans Lane,35,36420,Fulford,collierodonnell@sultraxin.com,Sultraxin,Collier,M,Odonnell,MD
563,672 Belvidere Street,30,43403,Hollymead,morgantorres@quonata.com,Quonata,Morgan,F,Torres,KY
568,295 Whitty Lane,29,36628,Broadlands,lesamaynard@coash.com,Coash,Lesa,F,Maynard,VT
570,892 Wyckoff Street,24,26751,Gloucester,churchmercado@xymonk.com,Xymonk,Church,F,Mercado,KY
575,581 Sumner Place,39,12588,Ellerslie,buchananpope@stucco.com,Stucco,Buchanan,M,Pope,MD
582,271 Jodie Court,24,33371,Breinigsville,manningguthrie@xerex.com,Xerex,Manning,F,Guthrie,NM
587,390 Noll Street,33,3468,Emison,carlyjohns@gallaxia.com,Gallaxia,Carly,M,Johns,DC
594,199 Jewel Street,26,28194,Macdona,goldendonovan@organica.com,Organica,Golden,M,Donovan,RI
599,318 Irving Street,36,11944,Bartley,joannajennings@extremo.com,Extremo,Joanna,F,Jennings,MI
602,361 Stoddard Place,33,38699,Kapowsin,mcgowanmcclain@oatfarm.com,Oatfarm,Mcgowan,M,Mcclain,MI
607,736 Judge Street,38,38350,Fairfield,whitesmall@immunics.com,Immunics,White,F,Small,HI
614,847 Imlay Street,35,13157,Grill,salazarhoward@retrack.com,Retrack,Salazar,F,Howard,FL
619,378 Denton Place,36,48755,Murillo,grimesreynolds@frenex.com,Frenex,Grimes,M,Reynolds,LA
621,336 Kansas Place,26,35480,Corriganville,lesliesloan@dancity.com,Dancity,Leslie,F,Sloan,AR
626,666 Nautilus Avenue,31,19498,Sutton,avarichardson@cinaster.com,Cinaster,Ava,F,Richardson,AL
633,575 Agate Court,34,35874,Madaket,connerramos@insource.com,Insource,Conner,M,Ramos,OK
638,383 Wogan Terrace,31,2658,Linganore,bridgetgallegos@songlines.com,Songlines,Bridget,M,Gallegos,WA
640,574 Riverdale Avenue,25,35596,Blandburg,candacehancock@animalia.com,Animalia,Candace,M,Hancock,KY
645,892 Pacific Street,26,29362,Dowling,edwinahutchinson@essensia.com,Essensia,Edwina,F,Hutchinson,NE
652,219 Grafton Street,26,17363,Vandiver,bonnergarner@utarian.com,Utarian,Bonner,M,Garner,PA
657,286 Sutter Avenue,34,40475,Graniteville,kathleenwilder@solgan.com,Solgan,Kathleen,F,Wilder,MI
664,144 Guider Avenue,40,16163,Carbonville,hartmccormick@dyno.com,Dyno,Hart,M,Mccormick,ID
669,896 Meeker Avenue,28,16934,Goodville,jewelestrada@zilla.com,Zilla,Jewel,M,Estrada,PA
671,375 Cumberland Street,34,29029,Bergoo,antoinettecook@harmoney.com,Harmoney,Antoinette,M,Cook,VT
676,506 Vanderveer Street,34,23842,Konterra,lisadudley@tropoli.com,Tropoli,Lisa,M,Dudley,NY
683,884 Noble Street,39,4381,Shepardsville,matildaberger@fibrodyne.com,Fibrodyne,Matilda,M,Berger,TN
688,114 Herzl Street,22,17931,Libertytown,freemanzamora@elemantra.com,Elemantra,Freeman,F,Zamora,NM
690,256 Roebling Street,35,18127,Hoagland,russoswanson@zaj.com,Zaj,Russo,F,Swanson,MI
695,647 Louisa Street,26,36800,Crisman,gonzalesmcfarland@songbird.com,Songbird,Gonzales,F,Mcfarland,ID
703,489 Flatlands Avenue,29,27443,Reno,donaburton@cytrex.com,Cytrex,Dona,M,Burton,VA
708,244 Chauncey Street,28,34002,Munjor,mayortiz@syntac.com,Syntac,May,F,Ortiz,ID
710,404 Ovington Avenue,37,33650,Ogema,sheltonstark@kraggle.com,Kraggle,Shelton,M,Stark,TN
715,865 Church Lane,24,23734,Lacomb,tammihodge@netur.com,Netur,Tammi,M,Hodge,KS
722,305 Kings Hwy,34,27256,Hayden,robertsbeasley@quintity.com,Quintity,Roberts,F,Beasley,PA
727,723 Hubbard Street,36,27263,Trexlertown,natashaknapp@exostream.com,Exostream,Natasha,M,Knapp,LA
734,490 Balfour Place,23,20325,Salunga,kerikinney@retrotex.com,Retrotex,Keri,M,Kinney,PA
739,733 Stuart Street,33,39063,Drytown,gwenhardy@exozent.com,Exozent,Gwen,F,Hardy,NY
741,404 Norfolk Street,22,33074,Cumberland,nielsengood@kiggle.com,Kiggle,Nielsen,M,Good,WA
746,364 Crosby Avenue,28,15970,Jeff,margueritewall@aquoavo.com,Aquoavo,Marguerite,F,Wall,MI
753,690 Ross Street,21,33340,Grimsley,katinaalford@intrawear.com,Intrawear,Katina,F,Alford,OK
758,149 Surf Avenue,28,15739,Odessa,bertashort@ozean.com,Ozean,Berta,M,Short,UT
760,440 Hubbard Place,37,40996,Stockwell,rheablair@bicol.com,Bicol,Rhea,F,Blair,LA
765,753 Macdougal Street,23,31278,Thomasville,knowlescunningham@thredz.com,Thredz,Knowles,M,Cunningham,WA
772,608 Willow Street,21,37849,Richford,eloisesparks@satiance.com,Satiance,Eloise,M,Sparks,NY
777,186 Oxford Walk,32,48294,Faywood,adkinsmejia@datagen.com,Datagen,Adkins,M,Mejia,OK
784,124 Louisiana Avenue,21,25291,Lynn,mabelthornton@zolavo.com,Zolavo,Mabel,M,Thornton,AL
789,154 Sharon Street,27,8760,Tuskahoma,cunninghamkerr@polarium.com,Polarium,Cunningham,F,Kerr,MS
791,348 Porter Avenue,38,48249,Fivepointville,janinehuber@viocular.com,Viocular,Janine,F,Huber,MA
796,511 Henry Street,35,23503,Websterville,monacraft@opticom.com,Opticom,Mona,F,Craft,IN
804,669 Sandford Street,27,23610,Wheaton,rojasoneal@glukgluk.com,Glukgluk,Rojas,M,Oneal,ME
809,346 Bancroft Place,30,47812,Baden,christiestrickland@anarco.com,Anarco,Christie,M,Strickland,NV
811,352 Freeman Street,28,26007,Caroleen,wallsrogers@geekmosis.com,Geekmosis,Walls,F,Rogers,NV
816,384 Bainbridge Street,20,9567,Elizaville,cornelialane@sulfax.com,Sulfax,Cornelia,F,Lane,MS
823,466 Amboy Street,33,48726,Skyland,celiabernard@mitroc.com,Mitroc,Celia,F,Bernard,GA
828,605 Stryker Court,33,44890,Loomis,blancheholmes@motovate.com,Motovate,Blanche,F,Holmes,KS
830,511 Heath Place,23,45210,Brookfield,louellachan@conferia.com,Conferia,Louella,M,Chan,OK
835,641 Royce Street,25,46558,Dixonville,gloverrutledge@ginkogene.com,Ginkogene,Glover,F,Rutledge,VA
842,833 Bushwick Court,23,49587,Craig,meaganbuckner@biospan.com,Biospan,Meagan,F,Buckner,TX
847,644 Stryker Street,23,8652,Dawn,antoniaduncan@talae.com,Talae,Antonia,M,Duncan,MO
854,603 Cooper Street,25,49795,Moscow,jimenezbarry@verton.com,Verton,Jimenez,F,Barry,AL
859,651 Albemarle Terrace,24,20734,Waiohinu,beulahstuart@hatology.com,Hatology,Beulah,F,Stuart,RI
861,680 Richardson Street,35,44173,Fidelis,jaimewilson@temorak.com,Temorak,Jaime,M,Wilson,FL
866,326 Meadow Street,28,45565,Dana,araceliwoodward@olympix.com,Olympix,Araceli,M,Woodward,KS
873,432 Lincoln Road,39,43931,Bluetown,tishacotton@buzzmaker.com,Buzzmaker,Tisha,F,Cotton,GA
878,234 Hendrix Street,40,49159,Wanamie,battleblackburn@zilphur.com,Zilphur,Battle,F,Blackburn,PA
880,737 Crown Street,35,22575,Abrams,christianmyers@combogen.com,Combogen,Christian,M,Myers,OK
885,227 Scholes Street,40,31661,Chilton,valdezroberson@delphide.com,Delphide,Valdez,F,Roberson,MT
892,721 Dooley Street,29,44974,Orason,hillhayes@fuelton.com,Fuelton,Hill,M,Hayes,MT
897,731 Poplar Street,25,45973,Singer,alysonirwin@quizka.com,Quizka,Alyson,M,Irwin,VA
900,624 Sullivan Street,23,6124,Wikieup,gonzalezwatson@marvane.com,Marvane,Gonzalez,M,Watson,IL
905,761 Cedar Street,20,29438,Glenshaw,schultzmoreno@paragonia.com,Paragonia,Schultz,F,Moreno,SC
912,771 Vandervoort Avenue,26,13675,Vivian,floraalvarado@boilicon.com,Boilicon,Flora,M,Alvarado,ID
917,933 Cozine Avenue,24,47782,Lindcove,parkshurst@pyramis.com,Pyramis,Parks,M,Hurst,GA
924,235 Hegeman Avenue,24,3811,Roosevelt,hilaryleonard@metroz.com,Metroz,Hilary,M,Leonard,ME
929,430 Devoe Street,35,34708,Clay,williehickman@apextri.com,Apextri,Willie,M,Hickman,MS
931,674 Indiana Place,23,8244,Interlochen,ingridgarcia@balooba.com,Balooba,Ingrid,F,Garcia,AZ
936,462 Thatford Avenue,36,22430,Hiseville,bethfrye@puria.com,Puria,Beth,M,Frye,LA
943,489 Ellery Street,23,24187,Lorraine,wagnergriffin@gazak.com,Gazak,Wagner,M,Griffin,HI
948,532 Fiske Place,40,37074,Umapine,sargentpowers@accuprint.com,Accuprint,Sargent,M,Powers,AK
950,658 Langham Street,32,30916,Garfield,sherriepatel@futurize.com,Futurize,Sherrie,F,Patel,OR
955,370 Vanderbilt Avenue,33,41621,Bonanza,kleinkemp@synkgen.com,Synkgen,Klein,M,Kemp,FL
962,914 Duffield Street,21,32096,Golconda,trujillowilcox@extragene.com,Extragene,Trujillo,F,Wilcox,MA
967,240 Sands Street,36,19161,Leroy,carriehuffman@injoy.com,Injoy,Carrie,F,Huffman,CA
974,463 Goodwin Place,26,38082,Herald,deborahyang@entogrok.com,Entogrok,Deborah,F,Yang,KY
979,446 Tompkins Place,29,43130,Fingerville,vaughnpittman@phormula.com,Phormula,Vaughn,M,Pittman,WI
981,753 Channel Avenue,29,20278,Layhill,nolanwarner@interodeo.com,Interodeo,Nolan,F,Warner,MT
986,600 Celeste Court,31,35086,Cassel,norrishubbard@printspan.com,Printspan,Norris,M,Hubbard,MI
993,873 Covert Street,37,26487,Glendale,camposolsen@isbol.com,Isbol,Campos,M,Olsen,AK
998,206 Llama Court,40,16869,Dunlo,lethabaker@dognosis.com,Dognosis,Letha,F,Baker,WV
2,560 Kingsway Place,22,28838,Bennett,robertabender@chillium.com,Chillium,Roberta,F,Bender,LA
7,820 Logan Street,22,39121,Shrewsbury,levyrichard@teraprene.com,Teraprene,Levy,M,Richard,MO
14,661 Vista Place,39,20480,Chamizal,ermakane@stockpost.com,Stockpost,Erma,F,Kane,NY
19,449 Mersereau Court,28,27894,Greenwich,schwartzbuchanan@sybixtex.com,Sybixtex,Schwartz,F,Buchanan,KS
21,859 Portal Street,38,7004,Churchill,estellapaul@zillatide.com,Zillatide,Estella,M,Paul,WV
26,157 Dupont Street,39,14127,Dennard,lorrainemccullough@zosis.com,Zosis,Lorraine,F,Mccullough,NH
33,372 Malta Street,30,35439,Muse,savannahkirby@musanpoly.com,Musanpoly,Savannah,F,Kirby,AK
38,357 Maple Street,32,10511,Twilight,ernafields@eweville.com,Eweville,Erna,M,Fields,MS
40,263 Ovington Court,40,33882,Silkworth,pacemolina@cytrak.com,Cytrak,Pace,M,Molina,OR
45,357 Herkimer Street,21,44478,Blanco,genevamorin@ezent.com,Ezent,Geneva,F,Morin,AZ
52,449 Barlow Drive,31,46425,Wawona,kaylabradshaw@magnemo.com,Magnemo,Kayla,M,Bradshaw,AZ
57,263 Merit Court,21,8705,Coral,powellherring@digiprint.com,Digiprint,Powell,M,Herring,MT
64,988 Homecrest Avenue,35,44036,Motley,milesbattle@koffee.com,Koffee,Miles,F,Battle,ID
69,694 Garland Court,24,14253,Hackneyville,desireeharrison@barkarama.com,Barkarama,Desiree,M,Harrison,GA
71,450 Conklin Avenue,39,38201,Urbana,sharpehoffman@centree.com,Centree,Sharpe,F,Hoffman,WY
76,748 Dorset Street,24,38345,Caln,claudettebeard@repetwire.com,Repetwire,Claudette,F,Beard,TX
83,720 Brooklyn Road,28,35928,Roberts,mayocleveland@indexia.com,Indexia,Mayo,M,Cleveland,ND
88,737 Clove Road,21,26418,Boling,adelatyler@surelogic.com,Surelogic,Adela,F,Tyler,SD
90,737 College Place,22,25332,Flintville,hermansnyder@lunchpod.com,Lunchpod,Herman,F,Snyder,IA
95,539 Grace Court,20,1650,Wollochet,dominguezle@portica.com,Portica,Dominguez,M,Le,KS
103,731 Clarkson Avenue,33,11253,Marienthal,calhounbruce@automon.com,Automon,Calhoun,F,Bruce,IL
108,398 Dearborn Court,21,19015,Belvoir,christensenweaver@quilk.com,Quilk,Christensen,M,Weaver,TX
110,239 Conover Street,23,4850,Taft,daphnebyrd@freakin.com,Freakin,Daphne,F,Byrd,MN
115,537 Clara Street,31,18750,Caron,nikkidoyle@fossiel.com,Fossiel,Nikki,F,Doyle,MS
122,227 Knapp Street,31,17128,Maybell,aurorafry@makingway.com,Makingway,Aurora,F,Fry,NE
127,340 Clermont Avenue,33,48734,Rutherford,diannmclaughlin@enomen.com,Enomen,Diann,F,Mclaughlin,ND
134,176 Noel Avenue,30,33829,Walker,madelynnorris@endicil.com,Endicil,Madelyn,F,Norris,NE
139,281 Georgia Avenue,35,18444,Hannasville,riostodd@uberlux.com,Uberlux,Rios,F,Todd,PA
141,414 Huron Street,29,20790,Hiwasse,lilianacaldwell@rubadub.com,Rubadub,Liliana,M,Caldwell,OK
146,626 Beverley Road,32,39078,Mahtowa,langkaufman@rodeomad.com,Rodeomad,Lang,F,Kaufman,RI
153,691 Bokee Court,31,32074,Barrelville,birdcochran@supremia.com,Supremia,Bird,F,Cochran,NE
158,953 Roder Avenue,27,9380,Savage,nataliemcdowell@myopium.com,Myopium,Natalie,M,Mcdowell,ND
160,275 Beaumont Street,23,48974,Whipholt,hullcherry@noralex.com,Noralex,Hull,F,Cherry,WA
165,205 Jackson Street,40,18956,Tilden,simsmckay@comtour.com,Comtour,Sims,F,Mckay,DC
172,704 Monaco Place,20,18356,Dragoon,mariewhitehead@sultrax.com,Sultrax,Marie,M,Whitehead,IL
177,468 Suydam Street,40,48972,Yettem,harrisgross@kidstock.com,Kidstock,Harris,F,Gross,KY
184,882 Pine Street,27,9157,Fedora,cathymorrison@zytrek.com,Zytrek,Cathy,M,Morrison,FL
189,700 Forest Place,38,20167,Eagletown,adacortez@micronaut.com,Micronaut,Ada,F,Cortez,TX
191,428 Auburn Place,28,26172,Springdale,barrsharpe@ziggles.com,Ziggles,Barr,M,Sharpe,KS
196,405 Oliver Street,28,29931,Zortman,caldwelldaniel@furnigeer.com,Furnigeer,Caldwell,F,Daniel,NE
204,400 Waldane Court,39,27714,Stollings,mavisdeleon@lotron.com,Lotron,Mavis,F,Deleon,LA
209,691 Alton Place,30,31052,Hinsdale,myersnoel@greeker.com,Greeker,Myers,F,Noel,KY
211,558 Montauk Court,22,21539,Madrid,gracielavaughan@fishland.com,Fishland,Graciela,M,Vaughan,PA
216,233 Portland Avenue,35,11422,Titanic,pricehaley@zeam.com,Zeam,Price,M,Haley,UT
223,654 Dewitt Avenue,26,9528,Nipinnawasee,newtonfletcher@assistia.com,Assistia,Newton,F,Fletcher,AK
228,185 Gotham Avenue,20,10543,Finzel,rosellaalbert@isoplex.com,Isoplex,Rosella,M,Albert,NY
230,464 Remsen Street,28,10829,Bowmansville,chrisraymond@cogentry.com,Cogentry,Chris,F,Raymond,SD
235,541 Strong Place,31,17729,Brantleyville,mcphersonmueller@tingles.com,Tingles,Mcpherson,M,Mueller,AR
242,125 Wakeman Place,21,42318,Hessville,bergerroach@ovium.com,Ovium,Berger,M,Roach,WI
247,582 Brighton Avenue,37,45123,Forestburg,mccormickmoon@norsup.com,Norsup,Mccormick,M,Moon,DE
254,531 Lott Street,21,35104,Enoree,yangdodson@mondicil.com,Mondicil,Yang,M,Dodson,UT
259,800 Sumpter Street,30,41877,Jenkinsville,eleanorgonzalez@futuris.com,Futuris,Eleanor,M,Gonzalez,ID
261,722 Montieth Street,34,39998,Norwood,millicentpickett@gushkool.com,Gushkool,Millicent,F,Pickett,MS
266,489 Metrotech Courtr,35,2777,Retsof,moniqueconner@flotonic.com,Flotonic,Monique,F,Conner,MD
273,569 Bradford Street,20,11181,Vicksburg,murphychandler@zilch.com,Zilch,Murphy,F,Chandler,FL
278,175 Woodruff Avenue,27,22530,Glasgow,tamranavarro@norsul.com,Norsul,Tamra,F,Navarro,VT
280,133 Berriman Street,26,3380,Adamstown,vilmashields@applidec.com,Applidec,Vilma,F,Shields,ME
285,618 Nixon Court,28,47369,Siglerville,hildaphillips@comcur.com,Comcur,Hilda,F,Phillips,NC
292,691 Nassau Street,20,26679,Sanborn,morrowgreene@columella.com,Columella,Morrow,F,Greene,FL
297,978 Whitwell Place,35,20508,Deseret,tuckerpatrick@valreda.com,Valreda,Tucker,F,Patrick,CO
300,632 Kay Court,26,25654,Lowell,lanetate@genesynk.com,Genesynk,Lane,F,Tate,MO
305,377 Paerdegat Avenue,29,11655,Gwynn,augustawinters@vendblend.com,Vendblend,Augusta,F,Winters,MA
312,382 Bergen Court,25,8511,Conestoga,burgessgentry@orbixtar.com,Orbixtar,Burgess,F,Gentry,WI
317,972 Dean Street,31,31968,Jacksonwald,ruizmorris@apex.com,Apex,Ruiz,F,Morris,WV
324,250 Battery Avenue,22,44976,Marne,gladyserickson@eternis.com,Eternis,Gladys,M,Erickson,IA
329,967 Ebony Court,25,31138,Jardine,nelliemercer@scenty.com,Scenty,Nellie,M,Mercer,AK
331,994 Dahill Road,34,46004,Frizzleburg,gibsonpotts@zensus.com,Zensus,Gibson,F,Potts,CO
336,405 Powers Street,25,40891,Clarksburg,dudleyavery@genmom.com,Genmom,Dudley,M,Avery,CO
343,488 Linden Boulevard,29,37684,Stockdale,robbielogan@hydrocom.com,Hydrocom,Robbie,M,Logan,TN
348,797 Moffat Street,37,1360,Riegelwood,karinarussell@limozen.com,Limozen,Karina,M,Russell,RI
350,896 Bleecker Street,22,4267,Joes,wyattwise@rockyard.com,Rockyard,Wyatt,F,Wise,MS
355,876 Cortelyou Road,38,40961,Waterloo,gregorydelacruz@oulu.com,Oulu,Gregory,M,Delacruz,WV
362,351 Navy Walk,26,14938,Berlin,jimmiedejesus@ecolight.com,Ecolight,Jimmie,M,Dejesus,ME
367,188 Ridge Boulevard,20,40458,Herbster,elaineworkman@colaire.com,Colaire,Elaine,M,Workman,AK
374,313 Bartlett Street,30,19521,Cascades,blanchardstein@cujo.com,Cujo,Blanchard,M,Stein,OR
379,796 Rockaway Avenue,21,12962,Hickory,ruthielamb@incubus.com,Incubus,Ruthie,M,Lamb,TX
381,261 Varanda Place,31,40978,Cressey,sophiemays@uneeq.com,Uneeq,Sophie,M,Mays,AR
386,246 Beverly Road,39,42588,Durham,wallacebarr@concility.com,Concility,Wallace,F,Barr,IN
393,178 Lawrence Avenue,24,43936,Orin,williamkelly@techtrix.com,Techtrix,William,M,Kelly,PA
398,305 Senator Street,35,8543,Cavalero,leticiaduran@xleen.com,Xleen,Leticia,F,Duran,PA
401,104 Lewis Avenue,38,29408,Chesapeake,contrerasrandolph@inrt.com,Inrt,Contreras,M,Randolph,CT
406,684 Seacoast Terrace,28,28127,Elliott,mccarthydunlap@canopoly.com,Canopoly,Mccarthy,F,Dunlap,NC
413,124 Euclid Avenue,39,15631,Beaulieu,pughhamilton@techade.com,Techade,Pugh,F,Hamilton,CA
418,959 Everit Street,32,10207,Hiko,reedgoff@zillan.com,Zillan,Reed,M,Goff,WV
420,291 Ash Street,22,44699,Spelter,brandiehayden@digifad.com,Digifad,Brandie,M,Hayden,NM
425,105 Fair Street,30,41308,Barronett,queenleach@magneato.com,Magneato,Queen,M,Leach,NH
432,239 Greenwood Avenue,40,28969,Idledale,prestonferguson@bitendrex.com,Bitendrex,Preston,F,Ferguson,ND
437,873 Ryerson Street,29,41225,Allendale,rosalesmarquez@ronelon.com,Ronelon,Rosales,M,Marquez,CA
444,974 Interborough Parkway,24,44219,Vowinckel,dollyfinch@zytrac.com,Zytrac,Dolly,F,Finch,WY
449,945 Bedell Lane,39,41950,Swartzville,barnettcantrell@zentility.com,Zentility,Barnett,F,Cantrell,ND
451,438 Havemeyer Street,31,31950,Ryderwood,masonmcleod@omatom.com,Omatom,Mason,F,Mcleod,NE
456,818 Ashford Street,33,21419,Ruffin,soliskline@vetron.com,Vetron,Solis,M,Kline,NY
463,692 Kenmore Terrace,20,36672,Ezel,heidiacosta@elpro.com,Elpro,Heidi,F,Acosta,SD
468,443 Jackson Court,40,18400,Wakarusa,foremanfowler@zillactic.com,Zillactic,Foreman,M,Fowler,WA
470,724 Apollo Street,35,20455,Watchtower,schneiderhull@exospeed.com,Exospeed,Schneider,M,Hull,ID
475,225 Desmond Court,22,24427,Clayville,moralesjacobs@oronoko.com,Oronoko,Morales,F,Jacobs,CT
482,781 Grattan Street,39,14834,Kenwood,janiebass@manglo.com,Manglo,Janie,M,Bass,IA
487,238 Lancaster Avenue,26,30718,Galesville,sawyervincent@brainquil.com,Brainquil,Sawyer,F,Vincent,MS
494,374 Elmwood Avenue,30,3592,Rosine,holdenbowen@endipine.com,Endipine,Holden,M,Bowen,ID
499,703 Monroe Street,26,26060,Barstow,laraperkins@paprikut.com,Paprikut,Lara,M,Perkins,NY
502,585 Albee Square,31,31898,Matheny,woodardbailey@imperium.com,Imperium,Woodard,F,Bailey,MT
507,630 Graham Avenue,31,27675,Bancroft,blankenshipramirez@bytrex.com,Bytrex,Blankenship,M,Ramirez,CT
514,409 Harkness Avenue,34,30125,Grayhawk,solomonbush@snacktion.com,Snacktion,Solomon,M,Bush,TX
519,722 Schenck Court,31,3282,National,lornafranco@zentia.com,Zentia,Lorna,F,Franco,FL
521,848 Taylor Street,34,16348,Saranap,josefabuckley@mazuda.com,Mazuda,Josefa,F,Buckley,NM
526,550 Martense Street,33,35375,Chalfant,sweeneyfulton@cormoran.com,Cormoran,Sweeney,F,Fulton,IA
533,295 Tapscott Street,23,13761,Hondah,margaritadiaz@zilodyne.com,Zilodyne,Margarita,M,Diaz,ID
538,919 Gerry Street,21,16416,Dixie,kochbarker@xplor.com,Xplor,Koch,M,Barker,WY
540,186 Schenectady Avenue,32,40235,Salvo,tammywiggins@speedbolt.com,Speedbolt,Tammy,F,Wiggins,LA
545,110 Lamont Court,20,27011,Harleigh,lenalucas@kindaloo.com,Kindaloo,Lena,M,Lucas,KY
552,785 Willmohr Street,39,14727,Elfrida,kateestes@rodeocean.com,Rodeocean,Kate,M,Estes,HI
557,558 Schweikerts Walk,20,3119,Edneyville,landrybuck@protodyne.com,Protodyne,Landry,M,Buck,AL
564,842 Congress Street,22,43631,Machias,owensbowers@nspire.com,Nspire,Owens,M,Bowers,VA
569,591 Arlington Place,39,40019,Bridgetown,sherrirowe@netility.com,Netility,Sherri,F,Rowe,SC
571,721 Wortman Avenue,28,3014,Tilleda,ayersduffy@aquasseur.com,Aquasseur,Ayers,F,Duffy,MS
576,774 Devon Avenue,33,29682,Dyckesville,helenarobertson@vicon.com,Vicon,Helena,F,Robertson,NV
583,814 Williams Avenue,34,26558,Nescatunga,castrowest@cipromox.com,Cipromox,Castro,F,West,IL
588,301 Anna Court,31,43531,Oneida,martinacollins@geekwagon.com,Geekwagon,Martina,M,Collins,VA
590,162 Kane Place,31,4652,Utting,ladonnatucker@infotrips.com,Infotrips,Ladonna,F,Tucker,IA
595,823 Hill Street,36,12478,Vernon,mccallbritt@cablam.com,Cablam,Mccall,F,Britt,CA
603,976 Kingston Avenue,31,28145,Boomer,janetteguzman@splinx.com,Splinx,Janette,F,Guzman,NC
608,976 Lawrence Street,32,47091,Weogufka,careywhitley@poshome.com,Poshome,Carey,F,Whitley,NE
610,323 Rochester Avenue,24,40571,Winston,fosterweber@firewax.com,Firewax,Foster,F,Weber,NY
615,706 Butler Street,28,28726,Gracey,delgadocurry@zoxy.com,Zoxy,Delgado,F,Curry,SD
622,375 Emerald Street,38,9661,Canterwood,paulettehartman@locazone.com,Locazone,Paulette,M,Hartman,OH
627,686 Eastern Parkway,37,47546,Bison,crawfordsears@updat.com,Updat,Crawford,F,Sears,VT
634,838 Foster Avenue,38,29805,Kempton,delorislevy@homelux.com,Homelux,Deloris,M,Levy,PA
639,627 Aster Court,32,28875,Cetronia,caitlinclements@bunga.com,Bunga,Caitlin,F,Clements,SC
641,791 Norwood Avenue,39,18345,Selma,sheppardeverett@roboid.com,Roboid,Sheppard,F,Everett,AK
646,983 Newport Street,31,15559,Monument,lavonnereyes@parcoe.com,Parcoe,Lavonne,F,Reyes,LA
653,455 Bragg Street,33,7606,Magnolia,marciabennett@opticall.com,Opticall,Marcia,F,Bennett,NC
658,274 Ocean Avenue,32,10210,Beyerville,bassmcconnell@combot.com,Combot,Bass,F,Mcconnell,OH
660,916 Amersfort Place,33,46427,Como,moonwood@olucore.com,Olucore,Moon,F,Wood,VA
665,766 Sackman Street,36,15215,Tuttle,britneyyoung@geoforma.com,Geoforma,Britney,M,Young,WI
672,959 Lewis Place,36,12621,Whitmer,camillemunoz@vantage.com,Vantage,Camille,F,Munoz,IN
677,827 Evans Street,26,8491,Kaka,sniderbenton@medicroix.com,Medicroix,Snider,M,Benton,UT
684,756 Oakland Place,25,46091,Hatteras,warrensnow@bizmatic.com,Bizmatic,Warren,M,Snow,NE
689,137 Dikeman Street,28,14985,Nettie,ineschaney@zidant.com,Zidant,Ines,M,Chaney,DC
691,876 Classon Avenue,22,10792,Unionville,mcleancolon@elentrix.com,Elentrix,Mclean,M,Colon,OK
696,721 Gerritsen Avenue,32,17568,Brewster,cranematthews@intradisk.com,Intradisk,Crane,F,Matthews,WV
704,871 Independence Avenue,22,45347,Morriston,peterskent@extragen.com,Extragen,Peters,F,Kent,CA
709,893 Union Street,29,11015,Leeper,abbottodom@jimbies.com,Jimbies,Abbott,M,Odom,NJ
711,861 Creamer Street,35,26939,Lydia,villarrealhorton@lexicondo.com,Lexicondo,Villarreal,F,Horton,MS
716,618 Nichols Avenue,34,19789,Snowville,paulmason@slax.com,Slax,Paul,F,Mason,OK
723,569 Campus Place,27,16421,Buxton,nixonmoran@cuizine.com,Cuizine,Nixon,M,Moran,DC
728,450 Coventry Road,28,44818,Alden,conleypreston@obones.com,Obones,Conley,M,Preston,CO
730,797 Turner Place,30,41299,Highland,moorelee@orbean.com,Orbean,Moore,M,Lee,DE
735,928 Grove Street,32,3984,Lowgap,lorainewillis@gadtron.com,Gadtron,Loraine,F,Willis,NY
742,317 Pooles Lane,26,24765,Bentley,merlewooten@tropolis.com,Tropolis,Merle,M,Wooten,ND
747,676 Harway Avenue,38,16617,Cliff,diazaustin@irack.com,Irack,Diaz,M,Austin,HI
754,795 India Street,25,10779,Tyhee,jonesvega@gluid.com,Gluid,Jones,F,Vega,FL
759,987 Navy Street,27,38007,Carlton,rosecarlson@aquasure.com,Aquasure,Rose,M,Carlson,CT
761,560 Gilmore Court,34,7663,Northchase,raejuarez@entropix.com,Entropix,Rae,F,Juarez,ID
766,993 Williams Place,38,21957,Defiance,thomasgillespie@octocore.com,Octocore,Thomas,M,Gillespie,MS
773,540 Bulwer Place,36,31126,Gilgo,lizacoffey@assurity.com,Assurity,Liza,F,Coffey,WV
778,477 Provost Street,28,46007,Sardis,underwoodwheeler@decratex.com,Decratex,Underwood,M,Wheeler,ID
780,709 Wolcott Street,26,4682,Santel,maryannehendricks@sarasonic.com,Sarasonic,Maryanne,F,Hendricks,NH
785,808 Chestnut Avenue,29,25078,Rowe,fieldslester@visualix.com,Visualix,Fields,M,Lester,PA
792,539 Front Street,40,13109,Summertown,beckyjimenez@isologia.com,Isologia,Becky,F,Jimenez,MI
797,919 Quay Street,26,6854,Elliston,lindsaymills@zoinage.com,Zoinage,Lindsay,F,Mills,VA
800,200 Newel Street,28,26217,Sandston,candyoconnor@radiantix.com,Radiantix,Candy,M,Oconnor,OH
805,722 Kenmore Court,27,18426,Bellamy,jacksonsampson@daido.com,Daido,Jackson,F,Sampson,ME
812,916 Joralemon Street,32,42593,Crown,gravesnewman@ecrater.com,Ecrater,Graves,F,Newman,PA
817,310 Cadman Plaza,36,36582,Ahwahnee,padillabauer@exoblue.com,Exoblue,Padilla,F,Bauer,MN
824,650 Seaview Avenue,33,6053,Gibsonia,dyerhenson@nitracyr.com,Nitracyr,Dyer,M,Henson,KS
829,319 Cook Street,37,20263,Wadsworth,altheabell@hyplex.com,Hyplex,Althea,M,Bell,DC
831,421 Veranda Place,37,25375,Fresno,wendysavage@neurocell.com,Neurocell,Wendy,M,Savage,MS
836,953 Dinsmore Place,25,20797,Conway,lloydlindsay@suretech.com,Suretech,Lloyd,F,Lindsay,VA
843,406 Seabring Street,34,15555,Avoca,patriciabarton@providco.com,Providco,Patricia,F,Barton,RI
848,988 Exeter Street,38,15443,Northridge,carmellacash@bristo.com,Bristo,Carmella,M,Cash,ID
850,753 Monroe Place,37,6531,Genoa,carlenegaines@naxdis.com,Naxdis,Carlene,F,Gaines,OR
855,326 Driggs Avenue,31,40170,Delwood,miastevens@aeora.com,Aeora,Mia,F,Stevens,IL
862,620 Regent Place,38,38792,Ona,claytongolden@accusage.com,Accusage,Clayton,F,Golden,NC
867,593 McKibben Street,23,45453,Frystown,blancaellison@koogle.com,Koogle,Blanca,F,Ellison,WY
874,377 McKinley Avenue,22,23079,Manitou,lynettehiggins@menbrain.com,Menbrain,Lynette,M,Higgins,TX
879,382 Oak Street,31,48332,Lindisfarne,sabrinalancaster@webiotic.com,Webiotic,Sabrina,F,Lancaster,AZ
881,666 Hooper Street,38,26684,Cazadero,barnesware@norali.com,Norali,Barnes,F,Ware,GA
886,773 Bergen Street,38,14867,Hilltop,willaleblanc@nurali.com,Nurali,Willa,F,Leblanc,NC
893,991 Bevy Court,38,42584,Freetown,mosescampos@trollery.com,Trollery,Moses,F,Campos,AK
898,910 Coles Street,29,12019,Shindler,loristevenson@honotron.com,Honotron,Lori,M,Stevenson,VT
901,245 Mayfair Drive,23,35038,Lodoga,irmadotson@bleeko.com,Bleeko,Irma,F,Dotson,UT
906,829 Roosevelt Place,36,24073,Albrightsville,vickisuarez@utara.com,Utara,Vicki,M,Suarez,AR
913,941 Fanchon Place,25,47657,Bannock,margerymonroe@exerta.com,Exerta,Margery,M,Monroe,MD
918,499 Moultrie Street,25,36776,Falconaire,diannahernandez@isologica.com,Isologica,Dianna,M,Hernandez,ID
920,831 Kent Street,26,41513,Cotopaxi,jerrimitchell@tasmania.com,Tasmania,Jerri,M,Mitchell,IA
925,178 Leonora Court,24,18295,Rivereno,rosariojackson@progenex.com,Progenex,Rosario,M,Jackson,DE
932,949 Grand Avenue,33,3111,Spokane,summerporter@multiflex.com,Multiflex,Summer,F,Porter,OK
937,205 Reed Street,24,43491,Malo,selmaanderson@dadabase.com,Dadabase,Selma,M,Anderson,AL
944,498 Laurel Avenue,38,46478,Hasty,donaldsonwoodard@zogak.com,Zogak,Donaldson,F,Woodard,ID
949,272 Lefferts Place,29,48703,Kieler,latashamullins@zenolux.com,Zenolux,Latasha,F,Mullins,MN
951,561 Rutland Road,25,36337,Longbranch,tranburris@geoform.com,Geoform,Tran,F,Burris,IL
956,490 Madison Place,22,19477,Wells,randalllynch@cosmetex.com,Cosmetex,Randall,F,Lynch,SD
963,682 Linden Street,20,30461,Fannett,griffinsheppard@zanymax.com,Zanymax,Griffin,M,Sheppard,NM
968,684 Arkansas Drive,39,32371,Brambleton,luellaburch@krag.com,Krag,Luella,M,Burch,SD
970,990 Mill Road,28,19648,Lopezo,forbeswallace@pheast.com,Pheast,Forbes,M,Wallace,AK
975,328 Conselyea Street,27,5239,Williams,deloresbooker@centice.com,Centice,Delores,F,Booker,HI
982,301 Melrose Street,24,16511,Welch,buckrobinson@calcu.com,Calcu,Buck,M,Robinson,PA
987,977 Gem Street,20,4072,Celeryville,brocksandoval@fiberox.com,Fiberox,Brock,F,Sandoval,NY
994,612 Hawthorne Street,31,33298,Alafaya,madgeholcomb@escenta.com,Escenta,Madge,M,Holcomb,OR
999,499 Laurel Avenue,22,6087,Belvoir,dorothybarron@xurban.com,Xurban,Dorothy,F,Barron,CA
4,986 Wyckoff Avenue,31,27658,Eastvale,rodriquezflores@tourmania.com,Tourmania,Rodriquez,F,Flores,HI
9,963 Neptune Avenue,39,24776,Olney,opalmeadows@cedward.com,Cedward,Opal,M,Meadows,OH
11,740 Ferry Place,20,20203,Steinhatchee,jenkinshaney@qimonk.com,Qimonk,Jenkins,M,Haney,GA
16,963 Fay Court,34,35883,Remington,adrianpitts@combogene.com,Combogene,Adrian,F,Pitts,SD
23,330 Dumont Avenue,20,42374,Walton,kirstenfox@codax.com,Codax,Kirsten,M,Fox,AK
28,647 Hyman Court,20,42112,Masthope,vegaflynn@accupharm.com,Accupharm,Vega,M,Flynn,OH
30,169 Lyme Avenue,26,19087,Epworth,lambtownsend@geeknet.com,Geeknet,Lamb,M,Townsend,AL
35,315 Central Avenue,27,42039,Woodlake,darlabridges@xeronk.com,Xeronk,Darla,F,Bridges,RI
42,474 Ridgewood Place,26,21137,Heil,hardinghobbs@xth.com,Xth,Harding,F,Hobbs,ND
47,369 Herbert Street,23,33044,Dellview,georgiawilkerson@endipin.com,Endipin,Georgia,M,Wilkerson,WI
54,229 Ferris Street,22,23406,Calverton,angelmann@amtas.com,Amtas,Angel,F,Mann,WA
59,721 Russell Street,37,37728,Trucksville,malonejustice@emoltra.com,Emoltra,Malone,F,Justice,HI
61,605 Monument Walk,20,6856,Darlington,shawnbaird@moltonic.com,Moltonic,Shawn,M,Baird,MN
66,437 Hamilton Walk,28,25939,Chase,frankssalinas@cowtown.com,Cowtown,Franks,M,Salinas,VT
73,684 Miller Avenue,32,33457,Levant,irenestephenson@hawkster.com,Hawkster,Irene,M,Stephenson,AR
78,834 Amber Street,23,48656,Dunbar,elvirapatterson@assistix.com,Assistix,Elvira,F,Patterson,TN
80,823 Himrod Street,30,13445,Matthews,laceyblanchard@comdom.com,Comdom,Lacey,F,Blanchard,MO
85,212 Irving Avenue,20,48735,Kipp,wilcoxsellers@confrenzy.com,Confrenzy,Wilcox,M,Sellers,MT
92,369 Ditmars Street,34,26753,Moquino,gaybrewer@savvy.com,Savvy,Gay,M,Brewer,HI
97,512 Cumberland Walk,40,49671,Fredericktown,karentrujillo@tsunamia.com,Tsunamia,Karen,F,Trujillo,MO
100,696 Ryder Avenue,32,29869,Deercroft,maddenwoods@slumberia.com,Slumberia,Madden,F,Woods,ME
105,673 Oxford Street,33,29654,Succasunna,castillodickerson@tellifly.com,Tellifly,Castillo,F,Dickerson,NY
112,580 Lexington Avenue,30,38395,Orovada,frederickcase@talkalot.com,Talkalot,Frederick,F,Case,MA
117,347 Hornell Loop,38,48831,Sims,robinhays@pasturia.com,Pasturia,Robin,F,Hays,WY
124,511 Jay Street,20,16425,Cloverdale,fernlambert@furnitech.com,Furnitech,Fern,M,Lambert,FL
129,934 Ridgecrest Terrace,33,42409,Concho,alexandriasanford@kyagoro.com,Kyagoro,Alexandria,F,Sanford,UT
131,287 Manhattan Avenue,22,28030,Shasta,dolliekoch@skinserve.com,Skinserve,Dollie,F,Koch,PA
136,198 Mill Lane,38,45801,Urie,winnieholland@neteria.com,Neteria,Winnie,M,Holland,IL
143,454 Nelson Street,39,43093,Norvelt,cohennoble@buzzworks.com,Buzzworks,Cohen,M,Noble,CO
148,857 Lafayette Walk,34,3662,Hollins,annmariesnider@edecine.com,Edecine,Annmarie,F,Snider,OH
150,237 Mermaid Avenue,20,15306,Maxville,ortegadalton@rameon.com,Rameon,Ortega,M,Dalton,NH
155,434 Colin Place,39,27878,Hoehne,atkinsonhudson@qualitern.com,Qualitern,Atkinson,F,Hudson,OH
162,871 Vandervoort Place,35,6302,Barclay,griffithcalderon@quotezart.com,Quotezart,Griffith,M,Calderon,FL
167,618 Fleet Place,20,42051,Irwin,hamptonryan@zipak.com,Zipak,Hampton,M,Ryan,KS
174,650 Eagle Street,23,1464,Abiquiu,gamblepierce@matrixity.com,Matrixity,Gamble,F,Pierce,OR
179,305 Christopher Avenue,25,13265,Loretto,elisedrake@turnling.com,Turnling,Elise,M,Drake,LA
181,435 Billings Place,22,27983,Rodman,bennetthampton@voipa.com,Voipa,Bennett,F,Hampton,WY
186,285 Falmouth Street,32,18373,Klondike,klinejoyce@tetratrex.com,Tetratrex,Kline,M,Joyce,SD
193,251 Vermont Street,34,13412,Grantville,pattypetty@kinetica.com,Kinetica,Patty,F,Petty,MS
198,443 Vernon Avenue,38,19686,Canoochee,rachaelsharp@powernet.com,Powernet,Rachael,F,Sharp,UT
201,856 Downing Street,25,14586,Colton,rondaperry@artiq.com,Artiq,Ronda,F,Perry,WV
206,671 George Street,20,47423,Babb,kellifrancis@exoswitch.com,Exoswitch,Kelli,M,Francis,NJ
213,257 Boynton Place,27,34172,Oceola,bauersummers@voratak.com,Voratak,Bauer,M,Summers,NC
218,478 Greenpoint Avenue,24,26702,Comptche,garrisonbryan@uniworld.com,Uniworld,Garrison,F,Bryan,WI
220,541 Gunther Place,22,3086,Linwood,taniamiddleton@zerology.com,Zerology,Tania,F,Middleton,IN
225,894 Bridgewater Street,24,21949,Cartwright,maryannmurphy@cinesanct.com,Cinesanct,Maryann,F,Murphy,RI
232,995 Micieli Place,34,11984,Waikele,carrjensen@biohab.com,Biohab,Carr,F,Jensen,OH
237,348 Blake Court,27,5603,Freelandville,kirbywatkins@sonique.com,Sonique,Kirby,F,Watkins,PA
244,590 Kosciusko Street,27,8048,Gorham,judithriggs@arctiq.com,Arctiq,Judith,F,Riggs,DC
249,939 Seigel Court,38,16822,Catharine,mckinneygallagher@premiant.com,Premiant,Mckinney,F,Gallagher,NH
251,427 Lawn Court,39,13475,Waukeenah,marksgraves@dentrex.com,Dentrex,Marks,F,Graves,IL
256,789 Suydam Place,31,48318,Dargan,simonhogan@dancerity.com,Dancerity,Simon,M,Hogan,GA
263,575 Elliott Place,29,12837,Dotsero,thorntonmeyer@peticular.com,Peticular,Thornton,M,Meyer,NH
268,569 Jerome Avenue,36,20925,Bethany,avisblackwell@magnina.com,Magnina,Avis,M,Blackwell,MD
270,233 Vanderbilt Street,39,43951,Elwood,moodyharmon@otherside.com,Otherside,Moody,F,Harmon,MT
275,394 Stockton Street,31,2384,Grandview,reynoldsbarnett@austex.com,Austex,Reynolds,M,Barnett,MS
282,805 Claver Place,25,38540,Tampico,gayschultz@handshake.com,Handshake,Gay,F,Schultz,MA
287,423 Midwood Street,35,10845,Cannondale,valerielang@quarx.com,Quarx,Valerie,F,Lang,VT
294,901 Broome Street,26,29582,Turah,pittshaynes@aquazure.com,Aquazure,Pitts,M,Haynes,SD
299,822 Bills Place,36,40825,Bethpage,angelatalley@remold.com,Remold,Angela,F,Talley,DC
302,455 Bedford Avenue,40,11298,Blanford,isabellahewitt@cincyr.com,Cincyr,Isabella,M,Hewitt,IN
307,412 Emerson Place,23,43355,Catherine,enidashley@avenetro.com,Avenetro,Enid,M,Ashley,WI
314,252 Ditmas Avenue,35,5848,Veyo,nortonnorton@talkola.com,Talkola,Norton,M,Norton,SC
319,874 Cranberry Street,36,15430,Rose,ferrellmckinney@portaline.com,Portaline,Ferrell,M,Mckinney,WV
321,617 Williams Court,35,43370,Sisquoc,martalarsen@manufact.com,Manufact,Marta,M,Larsen,MA
326,451 Colonial Court,30,9692,Westmoreland,pearlreese@accruex.com,Accruex,Pearl,F,Reese,MD
333,881 Kiely Place,27,22778,Kent,trudysweet@acumentor.com,Acumentor,Trudy,F,Sweet,IA
338,318 Gallatin Place,35,6969,Iola,piercelawrence@lunchpad.com,Lunchpad,Pierce,M,Lawrence,MD
340,802 Seba Avenue,40,42072,Malott,juarezgutierrez@billmed.com,Billmed,Juarez,F,Gutierrez,OH
345,715 Mill Avenue,38,9812,Blackgum,parkerhines@baluba.com,Baluba,Parker,M,Hines,KY
352,963 Wolf Place,31,20290,Bladensburg,kendramcintosh@orboid.com,Orboid,Kendra,F,Mcintosh,AK
357,381 Arion Place,39,15102,Springville,adelecarroll@aquafire.com,Aquafire,Adele,F,Carroll,RI
364,229 Branton Street,40,35247,Dola,feliciamerrill@prosely.com,Prosely,Felicia,F,Merrill,MA
369,445 Lott Avenue,28,17047,Greenbackville,mcfaddenguy@kangle.com,Kangle,Mcfadden,F,Guy,DE
371,295 Wallabout Street,32,19751,Nanafalia,barkerallen@nexgene.com,Nexgene,Barker,F,Allen,NE
376,771 Dorchester Road,21,44407,Yogaville,mcmillandunn@eargo.com,Eargo,Mcmillan,F,Dunn,RI
383,962 Bartlett Place,28,48889,Smeltertown,knoxlarson@bostonic.com,Bostonic,Knox,F,Larson,TX
388,338 Crescent Street,26,9606,Alleghenyville,juliannenicholson@viasia.com,Viasia,Julianne,F,Nicholson,MO
390,135 Banner Avenue,32,7464,Dodge,ramonaroy@deminimum.com,Deminimum,Ramona,M,Roy,ID
395,128 Remsen Avenue,31,18679,Yonah,julietwhitaker@toyletry.com,Toyletry,Juliet,M,Whitaker,LA
403,223 Strickland Avenue,32,18833,Bawcomville,williamsonhorn@nimon.com,Nimon,Williamson,M,Horn,NJ
408,254 Stratford Road,30,34666,Fairlee,lidiaguerrero@snowpoke.com,Snowpoke,Lidia,M,Guerrero,LA
410,987 Monitor Street,39,31200,Southview,foxcardenas@corpulse.com,Corpulse,Fox,M,Cardenas,NE
415,172 Berkeley Place,36,19449,Chumuckla,martinezbenson@enersol.com,Enersol,Martinez,M,Benson,AL
422,662 Vermont Court,26,40162,Elrama,brigittescott@waretel.com,Waretel,Brigitte,M,Scott,VA
427,837 Hampton Avenue,36,1463,Zarephath,rebekahgarrison@niquent.com,Niquent,Rebekah,F,Garrison,NY
434,454 Oriental Boulevard,25,11329,Stevens,christahuff@earthpure.com,Earthpure,Christa,M,Huff,DC
439,630 Furman Avenue,35,22752,Newcastle,lulawilliams@vinch.com,Vinch,Lula,M,Williams,ME
441,478 Knight Court,29,47947,Laurelton,dicksonmcgee@gogol.com,Gogol,Dickson,M,Mcgee,AR
446,918 Bridge Street,32,23071,Brownlee,lolitafleming@vidto.com,Vidto,Lolita,F,Fleming,HI
453,479 Brevoort Place,24,21520,Alderpoint,hoodpowell@vortexaco.com,Vortexaco,Hood,F,Powell,CT
458,403 Thames Street,21,8865,Bordelonville,aidawolf@isis.com,Isis,Aida,F,Wolf,ME
460,190 Crooke Avenue,21,37734,Albany,aguirrewhite@unq.com,Unq,Aguirre,F,White,NJ
465,916 Evergreen Avenue,29,10681,Needmore,pearlieholman@hometown.com,Hometown,Pearlie,M,Holman,UT
472,288 Mill Street,32,25571,Movico,leelong@comverges.com,Comverges,Lee,F,Long,MT
477,369 Marconi Place,40,25892,Byrnedale,holcombcobb@steeltab.com,Steeltab,Holcomb,M,Cobb,CA
484,751 Otsego Street,35,3274,Harborton,stacimelendez@namebox.com,Namebox,Staci,F,Melendez,NV
489,331 Bowne Street,36,7879,Riviera,garrettlangley@zillidium.com,Zillidium,Garrett,M,Langley,LA
491,713 Canton Court,24,42942,Bartonsville,teresaowen@plasmos.com,Plasmos,Teresa,F,Owen,NH
496,347 Varet Street,35,14869,Cliffside,alisonconrad@perkle.com,Perkle,Alison,F,Conrad,OH
504,220 Beard Street,23,49205,Cashtown,shannachambers@corporana.com,Corporana,Shanna,M,Chambers,AZ
509,129 Plymouth Street,40,34754,Loveland,durhampacheco@datacator.com,Datacator,Durham,M,Pacheco,NC
511,157 Bijou Avenue,24,40908,Coyote,elbagrant@dognost.com,Dognost,Elba,F,Grant,MT
516,770 Cherry Street,37,44940,Carrsville,roysmith@parleynet.com,Parleynet,Roy,M,Smith,RI
523,173 Bushwick Place,40,28729,Jacumba,amaliabenjamin@sentia.com,Sentia,Amalia,F,Benjamin,OK
528,580 Garden Street,27,4071,Knowlton,thompsonhoover@portalis.com,Portalis,Thompson,F,Hoover,AL
530,422 Division Place,37,8840,Biddle,kathrineevans@spherix.com,Spherix,Kathrine,M,Evans,CO
535,722 Green Street,34,8715,Kenmar,frygeorge@ewaves.com,Ewaves,Fry,M,George,DE
542,657 Caton Place,35,23285,Beaverdale,michellemayo@biflex.com,Biflex,Michelle,M,Mayo,WY
547,744 Withers Street,32,12870,Chelsea,eatonrios@podunk.com,Podunk,Eaton,M,Rios,IA
554,566 Ira Court,39,33163,Valle,townsendatkins@acruex.com,Acruex,Townsend,M,Atkins,IA
559,508 Sheffield Avenue,38,11450,Newry,toniaschmidt@extro.com,Extro,Tonia,F,Schmidt,CT
561,860 Madoc Avenue,30,12370,Trail,sellersdavis@isodrive.com,Isodrive,Sellers,M,Davis,KS
566,349 Winthrop Street,37,6183,Rosewood,coxroman@medcom.com,Medcom,Cox,M,Roman,WY
573,799 Scott Avenue,36,32171,Marshall,calliecastaneda@earthwax.com,Earthwax,Callie,M,Castaneda,NH
578,969 Metropolitan Avenue,37,34259,Aguila,holmesmcknight@cubicide.com,Cubicide,Holmes,M,Mcknight,PA
580,475 Beacon Court,34,13716,Farmington,mcmahonyork@zillar.com,Zillar,Mcmahon,M,York,MO
585,115 Seagate Terrace,32,26745,Eastmont,nievesnolan@jumpstack.com,Jumpstack,Nieves,M,Nolan,UT
592,987 Lefferts Avenue,36,32968,Rockingham,headwebster@empirica.com,Empirica,Head,F,Webster,TN
597,139 Forbell Street,33,11246,Vallonia,pennyknowles@ersum.com,Ersum,Penny,M,Knowles,IA
600,250 Dictum Court,37,10336,Wanship,simmonsbyers@qualitex.com,Qualitex,Simmons,M,Byers,OH
605,832 Leonard Street,24,38427,Calvary,mcclainmanning@qiao.com,Qiao,Mcclain,M,Manning,TX
612,156 Lorimer Street,32,11868,Virgie,dunncameron@isonus.com,Isonus,Dunn,F,Cameron,ND
617,788 Seagate Avenue,22,35445,Clarktown,kittycooley@ultrimax.com,Ultrimax,Kitty,M,Cooley,MD
624,299 Woodrow Court,39,27538,Roulette,roxannefranklin@silodyne.com,Silodyne,Roxanne,F,Franklin,VA
629,806 Pierrepont Place,26,32987,Brownsville,mcclurerodgers@elita.com,Elita,Mcclure,M,Rodgers,MI
631,447 Hunts Lane,32,21657,Wyano,corrinebarber@quarmony.com,Quarmony,Corrine,F,Barber,IL
636,865 Hanson Place,25,8036,Sperryville,agneshooper@digial.com,Digial,Agnes,M,Hooper,OK
643,142 Barbey Street,23,8057,Lewis,hendricksstokes@remotion.com,Remotion,Hendricks,F,Stokes,MA
648,115 Franklin Avenue,21,11506,Bascom,terrymontgomery@enervate.com,Enervate,Terry,F,Montgomery,MA
650,850 Aitken Place,28,18091,Cobbtown,bentonknight@pholio.com,Pholio,Benton,F,Knight,AL
655,520 Orient Avenue,30,22912,Wacissa,eulataylor@miracula.com,Miracula,Eula,M,Taylor,IN
662,114 Norman Avenue,33,10138,Grahamtown,daisyburnett@liquicom.com,Liquicom,Daisy,M,Burnett,MD
667,496 Coleridge Street,32,22559,Wilsonia,julianachase@comtract.com,Comtract,Juliana,M,Chase,NJ
674,600 Story Street,22,36038,Fairhaven,wattsshannon@joviold.com,Joviold,Watts,F,Shannon,ID
679,461 Bond Street,33,20149,Richville,henriettabonner@geekol.com,Geekol,Henrietta,M,Bonner,WA
681,773 Eckford Street,33,34244,Smock,velazquezwolfe@zisis.com,Zisis,Velazquez,M,Wolfe,ME
686,236 Commerce Street,30,10116,Gibbsville,deckermcclure@everest.com,Everest,Decker,F,Mcclure,TN
693,284 Emmons Avenue,30,31233,Esmont,tabathazimmerman@pushcart.com,Pushcart,Tabatha,F,Zimmerman,NC
698,796 Tehama Street,36,14965,Starks,bakerarmstrong@nurplex.com,Nurplex,Baker,F,Armstrong,UT
701,187 Moore Place,27,23772,Coventry,gardnergriffith@vertide.com,Vertide,Gardner,M,Griffith,NV
706,945 Dunham Place,39,5282,Woodruff,elizapotter@playce.com,Playce,Eliza,M,Potter,AK
713,508 Benson Avenue,21,20054,Hillsboro,irismcguire@duflex.com,Duflex,Iris,F,Mcguire,MO
718,132 Etna Street,22,13876,Curtice,hickmandillard@genmy.com,Genmy,Hickman,F,Dillard,NV
720,229 Adams Street,32,31356,Allison,ruthvance@zilidium.com,Zilidium,Ruth,F,Vance,IA
725,674 Ivan Court,26,14677,Navarre,reevestillman@cemention.com,Cemention,Reeves,M,Tillman,MA
732,870 Cheever Place,37,38445,Cresaptown,deliacruz@multron.com,Multron,Delia,F,Cruz,NH
737,214 Cox Place,23,40431,Brazos,sampsonyates@signidyne.com,Signidyne,Sampson,F,Yates,GA
744,148 Dunne Place,21,8690,Moraida,bernardmartinez@dragbot.com,Dragbot,Bernard,M,Martinez,MN
749,310 Argyle Road,36,1249,Brady,rushboyle@sportan.com,Sportan,Rush,M,Boyle,WA
751,915 Prospect Avenue,23,49252,Takilma,patrickosborne@gynko.com,Gynko,Patrick,M,Osborne,MO
756,605 Elliott Walk,32,40006,Harrodsburg,jasminehowell@ecratic.com,Ecratic,Jasmine,M,Howell,OH
763,933 Debevoise Avenue,22,12091,Glenville,lizbentley@nipaz.com,Nipaz,Liz,F,Bentley,NJ
768,625 Colonial Road,21,2213,Benson,sondrasoto@navir.com,Navir,Sondra,M,Soto,VA
770,798 Farragut Place,26,39505,Kirk,joanncrane@lingoage.com,Lingoage,Joann,M,Crane,MA
775,288 Thornton Street,33,27943,Holtville,wilsonmerritt@geeky.com,Geeky,Wilson,F,Merritt,HI
782,345 Myrtle Avenue,36,3960,Yukon,maldonadocraig@zilencio.com,Zilencio,Maldonado,F,Craig,ID
787,139 Oceanic Avenue,21,11876,Gerber,harperwynn@interfind.com,Interfind,Harper,F,Wynn,ND
794,215 Kenilworth Place,32,16491,Rivers,walkercharles@orbin.com,Orbin,Walker,M,Charles,WI
799,625 Dahlgreen Place,28,2889,Draper,myraguerra@digigene.com,Digigene,Myra,F,Guerra,CA
802,219 Kent Avenue,40,19630,Westboro,gracieforeman@supportal.com,Supportal,Gracie,F,Foreman,NH
807,499 Adler Place,23,29206,Wiscon,hatfieldlowe@lovepad.com,Lovepad,Hatfield,M,Lowe,DC
814,776 Calyer Street,26,9838,Kingstowne,morsemcbride@inear.com,Inear,Morse,F,Mcbride,ND
819,417 Utica Avenue,24,3971,Kerby,karynmedina@qnekt.com,Qnekt,Karyn,F,Medina,WY
821,329 Jamaica Avenue,22,33271,Sexton,trishablankenship@chorizon.com,Chorizon,Trisha,M,Blankenship,VT
826,742 Irwin Street,22,11548,Callaghan,summersvinson@globoil.com,Globoil,Summers,F,Vinson,WY
833,398 Atkins Avenue,22,46154,Stonybrook,woodwardhood@zedalis.com,Zedalis,Woodward,M,Hood,NE
838,531 Milton Street,37,24629,Tedrow,latonyablake@rugstars.com,Rugstars,Latonya,F,Blake,WA
840,256 Hampton Place,38,39615,Westerville,boonegomez@geekular.com,Geekular,Boone,M,Gomez,HI
845,645 Rockaway Parkway,39,35422,Wilmington,tracyvaughn@andryx.com,Andryx,Tracy,M,Vaughn,ME
852,793 Essex Street,26,6041,Osmond,allenhammond@tersanki.com,Tersanki,Allen,M,Hammond,NC
857,326 Robert Street,23,39678,Thornport,alycedouglas@earbang.com,Earbang,Alyce,M,Douglas,GA
864,582 Cooke Court,23,21804,Brenton,duffyanthony@schoolio.com,Schoolio,Duffy,M,Anthony,CO
869,732 Quentin Road,25,43544,Roy,corinnerobbins@orbaxter.com,Orbaxter,Corinne,F,Robbins,TN
871,934 Cyrus Avenue,32,35854,Eden,normaburt@magnafone.com,Magnafone,Norma,M,Burt,TN
876,565 Oceanview Avenue,21,48568,Noblestown,bradyglover@comvex.com,Comvex,Brady,F,Glover,ID
883,846 Lincoln Avenue,34,33679,Savannah,austinjefferson@polarax.com,Polarax,Austin,M,Jefferson,CT
888,649 Harwood Place,39,22277,Idamay,myrnaherman@enthaze.com,Enthaze,Myrna,F,Herman,AR
890,269 Ashland Place,25,31198,Volta,alvaradopate@ovolo.com,Ovolo,Alvarado,M,Pate,MI
895,854 Willow Place,36,7327,Imperial,laramcdaniel@acusage.com,Acusage,Lara,M,Mcdaniel,NC
903,685 Waldorf Court,35,10238,Welda,wadepage@eplosion.com,Eplosion,Wade,F,Page,AL
908,929 Eldert Lane,31,45975,Biehle,mosleyholloway@anivet.com,Anivet,Mosley,M,Holloway,MS
910,535 High Street,23,36831,Dubois,esmeraldajames@terrasys.com,Terrasys,Esmeralda,F,James,IN
915,126 McKibbin Street,35,19816,Wescosville,farrellfrench@techmania.com,Techmania,Farrell,F,French,AL
922,463 Shale Street,32,39347,Ivanhoe,irwinpugh@idego.com,Idego,Irwin,M,Pugh,ID
927,694 Polhemus Place,26,19976,Harrison,jeanetteacevedo@halap.com,Halap,Jeanette,M,Acevedo,MO
934,448 Cove Lane,34,43987,Snelling,freidadaniels@vurbo.com,Vurbo,Freida,M,Daniels,NJ
939,431 Dahl Court,37,31228,Katonah,hodgesmassey@kegular.com,Kegular,Hodges,F,Massey,MD
941,105 Onderdonk Avenue,28,38796,Centerville,kimmoss@digirang.com,Digirang,Kim,F,Moss,TX
946,339 Rewe Street,36,42794,Soham,inaobrien@eclipsent.com,Eclipsent,Ina,M,Obrien,RI
953,720 Stillwell Avenue,27,1110,Drummond,baxterblack@uplinx.com,Uplinx,Baxter,M,Black,MN
958,686 Delmonico Place,40,32849,Shelby,brownwilkins@medesign.com,Medesign,Brown,M,Wilkins,WY
960,242 Blake Avenue,40,2905,Henrietta,curryvargas@pearlesex.com,Pearlesex,Curry,M,Vargas,NH
965,141 Rodney Street,28,21882,Klagetoh,patricamelton@flexigen.com,Flexigen,Patrica,M,Melton,MD
972,900 Woodpoint Road,26,24719,Roderfield,leonachristian@extrawear.com,Extrawear,Leona,F,Christian,MA
977,612 Duryea Place,21,6744,Marenisco,rodgersmccray@papricut.com,Papricut,Rodgers,F,Mccray,MD
984,354 Linwood Street,35,1904,Witmer,violacrawford@ginkle.com,Ginkle,Viola,F,Crawford,AR
989,270 Carlton Avenue,38,48622,Guthrie,franklinfrank@shopabout.com,Shopabout,Franklin,M,Frank,NC
991,647 Gardner Avenue,28,4239,Frierson,connieberry@flumbo.com,Flumbo,Connie,F,Berry,MO
996,570 Vandam Street,30,17541,Whitehaven,andrewsherrera@klugger.com,Klugger,Andrews,F,Herrera,MN
0,244 Columbus Place,29,16623,Hobucken,bradshawmckenzie@euron.com,Euron,Bradshaw,F,Mckenzie,CO
5,311 Elm Place,30,29342,Fairview,leolastewart@diginetic.com,Diginetic,Leola,F,Stewart,NJ
12,296 Wythe Avenue,20,37055,Bend,staffordbrock@uncorp.com,Uncorp,Stafford,F,Brock,AL
17,239 Hinsdale Street,31,7831,Graball,bessieorr@skyplex.com,Skyplex,Bessie,F,Orr,FL
24,582 Gelston Avenue,39,44182,Juntura,wooddale@besto.com,Besto,Wood,M,Dale,MI
29,193 Schenck Avenue,33,27323,Gerton,leahsantiago@isologix.com,Isologix,Leah,M,Santiago,ND
31,130 Middagh Street,22,30443,Vale,kristensantana@dogspa.com,Dogspa,Kristen,F,Santana,MA
36,389 Elizabeth Place,39,15902,Hemlock,alexandranguyen@bittor.com,Bittor,Alexandra,F,Nguyen,KY
43,660 Huntington Street,25,33474,Clara,ryanhowe@microluxe.com,Microluxe,Ryan,M,Howe,CT
48,594 Dwight Street,39,40608,Coloma,peckdowns@ramjob.com,Ramjob,Peck,F,Downs,WA
50,598 Bank Street,33,43695,Walland,sheenakirkland@zerbina.com,Zerbina,Sheena,M,Kirkland,IN
55,265 Royce Place,33,22020,Slovan,sheliapuckett@izzby.com,Izzby,Shelia,M,Puckett,HI
62,969 Doughty Street,37,43065,Itmann,lesterstanton@geekko.com,Geekko,Lester,M,Stanton,DC
67,718 Troy Avenue,39,39430,Camptown,isabellespence@geeketron.com,Geeketron,Isabelle,M,Spence,WA
74,768 Lynch Street,38,47167,Caroline,laurisaunders@securia.com,Securia,Lauri,F,Saunders,TN
79,817 Campus Road,29,28185,Carlos,bookerlowery@sensate.com,Sensate,Booker,M,Lowery,MT
81,619 Minna Street,40,46568,Kersey,dennisgilbert@melbacor.com,Melbacor,Dennis,M,Gilbert,ND
86,999 Schenck Street,36,15428,Bentonville,waltonbutler@unisure.com,Unisure,Walton,M,Butler,IL
93,322 Roosevelt Court,31,17728,Leming,jeribooth@geekology.com,Geekology,Jeri,M,Booth,ND
98,555 Neptune Court,24,15085,Independence,corabarrett@kiosk.com,Kiosk,Cora,F,Barrett,MN
101,972 Lincoln Place,31,43400,Manchester,ceceliagrimes@ecosys.com,Ecosys,Cecelia,M,Grimes,AR
106,418 Estate Road,36,8212,Darbydale,josefinawagner@kyaguru.com,Kyaguru,Josefina,M,Wagner,FL
113,633 Berry Street,27,41652,Russellville,burtmoses@uni.com,Uni,Burt,M,Moses,CT
118,101 Bush Street,33,2223,Century,ballardvasquez@intergeek.com,Intergeek,Ballard,F,Vasquez,MN
120,910 Moore Street,33,38565,Cutter,browningrodriquez@opportech.com,Opportech,Browning,M,Rodriquez,ND
125,482 Hancock Street,30,5396,Wauhillau,tanishadixon@junipoor.com,Junipoor,Tanisha,M,Dixon,IA
132,427 Rutherford Place,35,37707,Hall,hortonromero@affluex.com,Affluex,Horton,M,Romero,AK
137,191 Dennett Place,29,3596,Sabillasville,frostfreeman@beadzza.com,Beadzza,Frost,F,Freeman,HI
144,912 Post Court,30,43257,Gordon,evansdyer@magmina.com,Magmina,Evans,F,Dyer,HI
149,836 Tampa Court,21,22994,Rockhill,megangonzales@andershun.com,Andershun,Megan,M,Gonzales,AL
151,799 Truxton Street,20,34473,Allamuchy,kentjoyner@kozgene.com,Kozgene,Kent,F,Joyner,DC
156,573 Opal Court,24,40185,Evergreen,sloanpennington@hopeli.com,Hopeli,Sloan,F,Pennington,CT
163,173 Beadel Street,33,43075,Bodega,wildanorman@kog.com,Kog,Wilda,F,Norman,ME
168,975 Flatbush Avenue,20,49568,Neibert,carissasimon@zillacom.com,Zillacom,Carissa,M,Simon,IL
170,161 Radde Place,36,6025,Thermal,mannmadden@farmex.com,Farmex,Mann,F,Madden,LA
175,481 Morton Street,28,16213,Delco,montoyadonaldson@envire.com,Envire,Montoya,F,Donaldson,MA
182,742 Garnet Street,21,7803,Ilchester,manueladillon@moreganic.com,Moreganic,Manuela,M,Dillon,TX
187,757 Granite Street,35,26581,Martinsville,autumnhodges@ezentia.com,Ezentia,Autumn,M,Hodges,KY
194,721 Cambridge Place,39,16311,Efland,beckrosario@zoid.com,Zoid,Beck,M,Rosario,ID
199,458 Commercial Street,26,18086,Caspar,branchlove@frolix.com,Frolix,Branch,M,Love,NC
202,519 Sunnyside Court,31,26466,Winfred,medinabrown@bleendot.com,Bleendot,Medina,F,Brown,MI
207,636 Chestnut Street,35,45535,Logan,evelynlara@ultrasure.com,Ultrasure,Evelyn,F,Lara,MI
214,697 Hazel Court,37,24418,Ticonderoga,luannfaulkner@zolar.com,Zolar,Luann,F,Faulkner,TX
219,834 Stockholm Street,25,17127,Bayview,edwardshurley@austech.com,Austech,Edwards,M,Hurley,NV
221,568 Main Street,34,15803,Germanton,benjaminbarrera@zaphire.com,Zaphire,Benjamin,M,Barrera,WY
226,486 Baltic Street,40,37720,Condon,wilkinsbrady@dogtown.com,Dogtown,Wilkins,F,Brady,MT
233,366 Church Avenue,27,23020,Westphalia,washingtonwalsh@candecor.com,Candecor,Washington,M,Walsh,MA
238,496 Brown Street,28,21287,Cecilia,constancewong@grainspot.com,Grainspot,Constance,M,Wong,IN
240,659 Highland Boulevard,35,49741,Kilbourne,oconnorclay@franscene.com,Franscene,Oconnor,F,Clay,NH
245,147 Jerome Street,28,22026,Nash,franbolton@solaren.com,Solaren,Fran,F,Bolton,RI
252,836 Delevan Street,22,18831,Groveville,elviapoole@velity.com,Velity,Elvia,F,Poole,MI
257,457 Decatur Street,35,5318,Chicopee,oliveoneil@helixo.com,Helixo,Olive,F,Oneil,MI
264,488 Fulton Street,35,22084,Brandywine,samanthaferrell@flum.com,Flum,Samantha,F,Ferrell,MT
269,910 Aurelia Court,34,43317,Leyner,crosbyfigueroa@pyramia.com,Pyramia,Crosby,M,Figueroa,OH
271,645 Poplar Avenue,30,11864,Mansfield,holtwalter@grupoli.com,Grupoli,Holt,F,Walter,OR
276,567 Charles Place,23,11606,Roeville,pittmanmathis@zuvy.com,Zuvy,Pittman,F,Mathis,KY
283,729 Walker Court,30,24070,Tryon,fuentesfoley@knowlysis.com,Knowlysis,Fuentes,M,Foley,TN
288,440 Willoughby Street,39,27243,Wheatfields,wongstone@zentix.com,Zentix,Wong,F,Stone,DC
290,985 Wyona Street,37,26103,Cawood,nevaburgess@slofast.com,Slofast,Neva,F,Burgess,DC
295,833 Union Avenue,20,37358,Indio,howenash@aquacine.com,Aquacine,Howe,M,Nash,MN
303,455 Colby Court,24,21976,Weeksville,huffmangreen@comtest.com,Comtest,Huffman,F,Green,UT
308,670 Veterans Avenue,25,33989,Gratton,glassschroeder@realmo.com,Realmo,Glass,F,Schroeder,NY
310,412 Pleasant Place,39,23049,Edgar,shannonmorton@ovation.com,Ovation,Shannon,F,Morton,AZ
315,728 Madeline Court,33,1314,Mapletown,claremorrow@gaptec.com,Gaptec,Clare,F,Morrow,PA
322,414 Florence Avenue,27,6303,Winesburg,gilliamhorne@shepard.com,Shepard,Gilliam,M,Horne,WY
327,694 Gold Street,27,29294,Cumminsville,nellcontreras@momentia.com,Momentia,Nell,M,Contreras,AL
334,815 Herkimer Court,21,9178,Kraemer,crossfloyd@maroptic.com,Maroptic,Cross,F,Floyd,AK
339,776 Brightwater Court,38,3992,Naomi,francowelch@earthplex.com,Earthplex,Franco,F,Welch,ME
341,670 Grant Avenue,30,44367,Romeville,albertabradford@bugsall.com,Bugsall,Alberta,F,Bradford,MT
346,257 Fillmore Avenue,36,26594,Seymour,shelbysanchez@geekus.com,Geekus,Shelby,F,Sanchez,CO
353,603 Garden Place,37,45182,Otranto,riverasherman@bovis.com,Bovis,Rivera,M,Sherman,CA
358,845 Menahan Street,40,44043,Day,halebaldwin@kidgrease.com,Kidgrease,Hale,F,Baldwin,AK
360,592 Brighton Court,34,26651,Kanauga,wardhicks@biotica.com,Biotica,Ward,F,Hicks,VT
365,453 Cypress Court,31,3176,Staples,sandersholder@geekola.com,Geekola,Sanders,F,Holder,TN
372,814 Meserole Avenue,24,28566,Clarence,albaforbes@isostream.com,Isostream,Alba,M,Forbes,OR
377,613 Chase Court,34,5374,Waumandee,margogay@rotodyne.com,Rotodyne,Margo,F,Gay,KS
384,836 Polar Street,31,48758,Morningside,salliehouston@squish.com,Squish,Sallie,F,Houston,NC
389,778 Centre Street,27,8839,Freeburn,yorkcummings@insurity.com,Insurity,York,M,Cummings,RI
391,391 Forrest Street,30,14733,Cade,holmanjordan@maineland.com,Maineland,Holman,M,Jordan,CT
396,297 Liberty Avenue,38,14613,Windsor,marshaelliott@orbiflex.com,Orbiflex,Marsha,F,Elliott,TX
404,930 Pitkin Avenue,26,34978,Blairstown,masseybecker@genekom.com,Genekom,Massey,F,Becker,OR
409,183 Poly Place,31,36960,Foscoe,mauraglenn@viagreat.com,Viagreat,Maura,M,Glenn,DE
411,181 Perry Terrace,22,1172,Balm,guzmanwhitfield@springbee.com,Springbee,Guzman,M,Whitfield,IN
416,461 Havens Place,28,27169,Grenelefe,huntschwartz@danja.com,Danja,Hunt,F,Schwartz,NV
423,284 Louise Terrace,21,38852,Downsville,hinesunderwood@namegen.com,Namegen,Hines,F,Underwood,CO
428,189 Summit Street,20,13925,Bourg,stephenscain@rocklogic.com,Rocklogic,Stephens,F,Cain,HI
430,651 Butler Place,34,15251,Allensworth,alejandrachavez@gology.com,Gology,Alejandra,M,Chavez,VT
435,632 Stone Avenue,22,14654,Waterford,suelopez@emergent.com,Emergent,Sue,F,Lopez,TN
442,126 Canal Avenue,27,36211,Berwind,lawandaleon@xixan.com,Xixan,Lawanda,F,Leon,TN
447,773 Lake Avenue,35,11402,Edgewater,lucialivingston@soprano.com,Soprano,Lucia,M,Livingston,TN
454,483 Verona Place,22,31687,Lutsen,aliciarollins@boilcat.com,Boilcat,Alicia,F,Rollins,MD
459,361 Locust Avenue,20,18869,Greenfields,pamelahenry@imageflow.com,Imageflow,Pamela,F,Henry,OH
461,550 Borinquen Pl,34,38807,Emory,mcbridepadilla@zepitope.com,Zepitope,Mcbride,F,Padilla,AZ
466,947 Gain Court,30,25109,Ronco,marciemcmillan@entroflex.com,Entroflex,Marcie,F,Mcmillan,ND
473,521 Bogart Street,25,5391,Grazierville,susanluna@zaya.com,Zaya,Susan,F,Luna,MI
478,627 Dobbin Street,35,28044,Sharon,danadecker@acrodance.com,Acrodance,Dana,M,Decker,MN
480,650 Folsom Place,24,40807,Oberlin,anastasiaparker@zilladyne.com,Zilladyne,Anastasia,M,Parker,WY
485,385 Harman Street,40,44235,Watrous,albertroberts@stralum.com,Stralum,Albert,M,Roberts,NM
492,987 Cass Place,35,31055,Cornfields,burnettbriggs@pharmex.com,Pharmex,Burnett,M,Briggs,TX
497,205 Nevins Street,30,13493,Nicut,doylejenkins@unia.com,Unia,Doyle,M,Jenkins,DC
500,537 Fane Court,28,39143,Courtland,popekeith@zboo.com,Zboo,Pope,F,Keith,AL
505,873 Crawford Avenue,29,45493,Topanga,shelleywebb@quadeebo.com,Quadeebo,Shelley,M,Webb,IL
512,623 Batchelder Street,29,47432,Gilmore,alishamorales@terragen.com,Terragen,Alisha,M,Morales,VA
517,334 Coffey Street,38,3022,Dahlen,allysonwalls@gorganic.com,Gorganic,Allyson,F,Walls,GA
524,499 Trucklemans Lane,30,49334,Noxen,salasfarley@xumonk.com,Xumonk,Salas,F,Farley,AL
529,511 Buffalo Avenue,23,21788,Templeton,deannfisher@twiist.com,Twiist,Deann,F,Fisher,WA
531,645 Livonia Avenue,38,39770,Garberville,janetpena@corecom.com,Corecom,Janet,M,Pena,OK
536,971 Calder Place,33,6255,Ruckersville,emmaadkins@ontagene.com,Ontagene,Emma,F,Adkins,GA
543,446 Love Lane,31,48022,Statenville,marinarasmussen@crustatia.com,Crustatia,Marina,M,Rasmussen,MD
548,973 Prospect Street,37,36930,Inkerman,sandraandrews@datagene.com,Datagene,Sandra,M,Andrews,MO
550,953 Canda Avenue,22,32238,Ypsilanti,walshgoodwin@proflex.com,Proflex,Walsh,M,Goodwin,MT
555,457 Tech Place,31,10750,Basye,fannieslater@kineticut.com,Kineticut,Fannie,M,Slater,MO
562,177 Pioneer Street,39,10737,Ladera,sarahstrong@megall.com,Megall,Sarah,F,Strong,WY
567,419 Albany Avenue,40,6507,Wildwood,dianadominguez@ohmnet.com,Ohmnet,Diana,M,Dominguez,TX
574,368 Throop Avenue,24,32954,Blende,andreamosley@musix.com,Musix,Andrea,M,Mosley,DC
579,652 Doone Court,36,12044,Foxworth,bankssawyer@rooforia.com,Rooforia,Banks,M,Sawyer,ND
581,169 Bergen Place,32,16525,Kenvil,fullermcintyre@applideck.com,Applideck,Fuller,M,Mcintyre,NY
586,290 Girard Street,26,13644,Villarreal,lovevelasquez@zomboid.com,Zomboid,Love,F,Velasquez,SD
593,395 Montgomery Street,37,41230,Strykersville,murielvazquez@sustenza.com,Sustenza,Muriel,M,Vazquez,OK
598,324 McClancy Place,33,33251,Bowden,morgancoleman@aclima.com,Aclima,Morgan,M,Coleman,WA
601,432 Bassett Avenue,34,20796,Teasdale,vickievalentine@comvene.com,Comvene,Vickie,F,Valentine,UT
606,935 Lake Place,31,28770,Lemoyne,michaelbray@telepark.com,Telepark,Michael,M,Bray,CT
613,971 Richards Street,34,39340,Fruitdale,eddiemccarty@bisba.com,Bisba,Eddie,F,Mccarty,NY
618,803 Ridgewood Avenue,30,8976,Gambrills,cheriford@zorromop.com,Zorromop,Cheri,F,Ford,VT
620,761 Carroll Street,38,7224,Mathews,coleenbartlett@idealis.com,Idealis,Coleen,M,Bartlett,DE
625,142 Box Street,23,46010,Makena,cynthiajohnston@zentry.com,Zentry,Cynthia,M,Johnston,MA
632,422 Alabama Avenue,20,40470,Homestead,kaywarren@realysis.com,Realysis,Kay,F,Warren,HI
637,410 Jamison Lane,27,3169,Ernstville,kathycarter@limage.com,Limage,Kathy,F,Carter,WA
644,376 Lawton Street,21,44021,Baker,ettamiller@bluegrain.com,Bluegrain,Etta,F,Miller,MD
649,114 Dodworth Street,26,20275,Keyport,jeaninemalone@nixelt.com,Nixelt,Jeanine,F,Malone,AK
651,581 Plaza Street,34,18360,Sussex,youngreeves@krog.com,Krog,Young,M,Reeves,WY
656,342 Jaffray Street,36,21632,Bangor,olsonhunt@volax.com,Volax,Olson,M,Hunt,WA
663,129 Sullivan Place,37,2456,Morgandale,rollinsrichards@geostele.com,Geostele,Rollins,M,Richards,FL
668,803 Glenmore Avenue,27,45069,Newkirk,pottermichael@ontality.com,Ontality,Potter,M,Michael,KS
670,252 Jackson Place,22,10178,Brethren,ollieriley@adornica.com,Adornica,Ollie,M,Riley,WI
675,859 Varick Street,27,36102,Diaperville,fishershepard@qot.com,Qot,Fisher,F,Shepard,MD
682,708 Anthony Street,22,14168,Beechmont,annehale@cytrek.com,Cytrek,Anne,F,Hale,WV
687,626 Hillel Place,31,48630,Loma,carolinecox@opticon.com,Opticon,Caroline,M,Cox,ND
694,273 Montrose Avenue,31,33125,Cleary,craigpalmer@comvey.com,Comvey,Craig,F,Palmer,OK
699,648 Clifford Place,37,4156,Belfair,gallaghermarshall@exiand.com,Exiand,Gallagher,F,Marshall,KY
702,612 Jardine Place,26,46490,Venice,meadowsdelgado@daisu.com,Daisu,Meadows,M,Delgado,AR
707,181 Irving Place,30,30325,Enetai,sonyatrevino@atgen.com,Atgen,Sonya,F,Trevino,TN
714,810 Manhattan Court,34,16602,Jugtown,socorromurray@isoswitch.com,Isoswitch,Socorro,F,Murray,AZ
719,528 Krier Place,25,33107,Carrizo,leannareed@rodeology.com,Rodeology,Leanna,F,Reed,WI
721,810 Harrison Avenue,26,32958,Thynedale,maradickson@comtours.com,Comtours,Mara,M,Dickson,DE
726,290 Croton Loop,21,44737,Helen,rosemarysalazar@rockabye.com,Rockabye,Rosemary,M,Salazar,IA
733,782 Turnbull Avenue,37,15722,Caberfae,lakeishamccarthy@exosis.com,Exosis,Lakeisha,M,Mccarthy,NM
738,644 Eaton Court,32,44936,Cataract,rosalindhunter@zolarity.com,Zolarity,Rosalind,M,Hunter,SD
740,937 Windsor Place,22,6143,Dorneyville,chambershahn@medalert.com,Medalert,Chambers,M,Hahn,DC
745,189 Lott Place,32,4572,Advance,jacobssweeney@comtent.com,Comtent,Jacobs,M,Sweeney,NJ
752,632 Dank Court,31,14039,Geyserville,jerryrush@ebidco.com,Ebidco,Jerry,M,Rush,AR
757,304 Hastings Street,30,34628,Charco,mcculloughmoore@nikuda.com,Nikuda,Mccullough,F,Moore,DC
764,427 Chester Street,30,3728,Chesterfield,noemigill@avit.com,Avit,Noemi,M,Gill,AL
769,454 Livingston Street,28,15362,Dunnavant,francisbeck@furnafix.com,Furnafix,Francis,M,Beck,HI
771,513 Division Avenue,23,32784,Lisco,jocelynboone@collaire.com,Collaire,Jocelyn,M,Boone,VT
776,520 Doscher Street,24,29177,Lafferty,dukeatkinson@tripsch.com,Tripsch,Duke,M,Atkinson,NC
783,539 Rapelye Street,25,11911,Jennings,faithcooper@insuron.com,Insuron,Faith,F,Cooper,MN
788,213 Holly Street,39,12473,Alfarata,marianneaguilar@marqet.com,Marqet,Marianne,F,Aguilar,HI
790,877 Coyle Street,39,29912,Canby,ellissullivan@enersave.com,Enersave,Ellis,F,Sullivan,MS
795,865 Newkirk Placez,34,31450,Ada,bruceavila@plasmosis.com,Plasmosis,Bruce,M,Avila,ID
803,963 Highland Avenue,25,49567,Bloomington,marissaspears@centregy.com,Centregy,Marissa,M,Spears,MS
808,863 Wythe Place,20,11251,Cuylerville,nolaquinn@iplax.com,Iplax,Nola,M,Quinn,NH
810,977 Clymer Street,40,10563,Convent,alyssaortega@eventage.com,Eventage,Alyssa,M,Ortega,SC
815,685 Vandalia Avenue,30,19336,Fowlerville,guthriemorse@gronk.com,Gronk,Guthrie,M,Morse,OR
822,468 Middleton Street,25,13024,Columbus,hicksfarrell@zolarex.com,Zolarex,Hicks,M,Farrell,OR
827,319 Stewart Street,29,37536,Trona,naomiball@isotronic.com,Isotronic,Naomi,F,Ball,NM
834,359 Baughman Place,25,38049,Kohatk,sybilcarrillo@phuel.com,Phuel,Sybil,M,Carrillo,CT
839,565 Newton Street,39,38292,Osage,langleyneal@liquidoc.com,Liquidoc,Langley,F,Neal,AL
841,859 Grand Street,21,28291,Tonopah,daltonwaters@malathion.com,Malathion,Dalton,M,Waters,AZ
846,140 Amherst Street,22,35099,Cucumber,maureenglass@stelaecor.com,Stelaecor,Maureen,M,Glass,IL
853,930 Bay Avenue,40,38353,Gadsden,travisparks@pyramax.com,Pyramax,Travis,M,Parks,ND
858,593 Tennis Court,36,23194,Haena,smallhatfield@letpro.com,Letpro,Small,M,Hatfield,KS
860,501 Rock Street,37,23613,Whitewater,clarkboyd@deepends.com,Deepends,Clark,M,Boyd,MA
865,865 Lincoln Terrace,28,10574,Kansas,cookkelley@quizmo.com,Quizmo,Cook,F,Kelley,KY
872,717 Hewes Street,36,26314,Delshire,janegreer@newcube.com,Newcube,Jane,F,Greer,DE
877,141 Tompkins Avenue,34,42879,Zeba,traceyruiz@waab.com,Waab,Tracey,F,Ruiz,NM
884,784 Greene Avenue,40,29316,Bakersville,revarosa@urbanshee.com,Urbanshee,Reva,M,Rosa,MS
889,948 Juliana Place,38,26464,Jackpot,fischerklein@comtext.com,Comtext,Fischer,F,Klein,PA
891,507 Wilson Street,24,34829,Muir,jacobsonclemons@quilm.com,Quilm,Jacobson,F,Clemons,TX
896,217 Beayer Place,26,31947,Franklin,buckleypeterson@earwax.com,Earwax,Buckley,M,Peterson,DE
904,431 Halsey Street,26,27707,Troy,mendezmcneil@macronaut.com,Macronaut,Mendez,M,Mcneil,OK
909,409 Tilden Avenue,36,18421,Axis,starklewis@frosnex.com,Frosnex,Stark,M,Lewis,CA
911,518 Woods Place,21,42655,Stagecoach,annielyons@enerforce.com,Enerforce,Annie,M,Lyons,MA
916,406 Bergen Avenue,40,47887,Haring,jarvisalexander@equitax.com,Equitax,Jarvis,M,Alexander,KY
923,298 Ruby Street,26,48466,Coleville,muellermckee@luxuria.com,Luxuria,Mueller,M,Mckee,TN
928,425 Cropsey Avenue,22,19611,Wolcott,hestercopeland@dymi.com,Dymi,Hester,F,Copeland,NE
930,501 Raleigh Place,39,47257,Deltaville,kinneylawson@neptide.com,Neptide,Kinney,M,Lawson,MD
935,201 Hull Street,30,4959,Rehrersburg,flowersrobles@xelegyl.com,Xelegyl,Flowers,M,Robles,AL
942,413 Debevoise Street,26,21299,Terlingua,hamiltonclayton@architax.com,Architax,Hamilton,M,Clayton,NM
947,903 Matthews Court,30,22039,Somerset,virgiegarza@plasmox.com,Plasmox,Virgie,M,Garza,WY
954,688 Hart Street,22,49404,Oasis,jennamartin@zinca.com,Zinca,Jenna,M,Martin,MD
959,931 Varick Avenue,40,34743,Bowie,shaffercervantes@oceanica.com,Oceanica,Shaffer,M,Cervantes,AL
961,183 Junius Street,27,43219,Driftwood,betsyhyde@tubalum.com,Tubalum,Betsy,F,Hyde,TX
966,255 Knickerbocker Avenue,35,20619,Trinway,susannerodriguez@comtrek.com,Comtrek,Susanne,F,Rodriguez,TX
973,476 Nassau Avenue,31,45756,Suitland,ricefarmer@photobin.com,Photobin,Rice,M,Farmer,ME
978,991 Java Street,33,21459,Greenock,melanierojas@kage.com,Kage,Melanie,M,Rojas,VT
980,999 Sapphire Street,33,42436,Glidden,cashcollier@ceprene.com,Ceprene,Cash,F,Collier,AK
985,644 Fairview Place,28,20083,Connerton,martingardner@golistic.com,Golistic,Martin,F,Gardner,NJ
992,750 Hudson Avenue,33,11413,Warsaw,kristiekennedy@ludak.com,Ludak,Kristie,F,Kennedy,WY
997,586 Lloyd Court,20,25311,Williamson,combsfrederick@pathways.com,Pathways,Combs,M,Frederick,CA
3,328 Wilson Avenue,26,44947,Cochranville,levineburks@amtap.com,Amtap,Levine,F,Burks,HI
8,699 Visitation Place,35,48868,Wakulla,janburns@glasstep.com,Glasstep,Jan,M,Burns,AZ
10,100 Gatling Place,37,46170,Omar,dominiquepark@conjurica.com,Conjurica,Dominique,F,Park,NJ
15,232 Sedgwick Place,21,43456,Hendersonville,bobbiesexton@zytrex.com,Zytrex,Bobbie,M,Sexton,CA
22,292 Orange Street,23,40283,Bynum,barreraterrell@steelfab.com,Steelfab,Barrera,F,Terrell,ME
27,675 Henderson Walk,26,6176,Richmond,meyerswilliamson@plexia.com,Plexia,Meyers,F,Williamson,AZ
34,986 Revere Place,30,35379,Sehili,ellisonkim@signity.com,Signity,Ellison,F,Kim,IL
39,665 Bennet Court,22,38688,Duryea,bowersmendez@farmage.com,Farmage,Bowers,F,Mendez,PA
41,625 Gaylord Drive,20,36060,Alamo,hancockholden@poochies.com,Poochies,Hancock,M,Holden,KS
46,554 Chapel Street,23,12351,Sylvanite,karlabowman@undertap.com,Undertap,Karla,M,Bowman,DC
53,467 Louis Place,29,28101,Harviell,kathrynpayne@katakana.com,Katakana,Kathryn,F,Payne,SD
58,993 Highland Place,40,31697,Orviston,marvacannon@comcubine.com,Comcubine,Marva,M,Cannon,MO
60,566 Strauss Street,31,45955,Enlow,maudecasey@quilch.com,Quilch,Maude,F,Casey,GA
65,974 Terrace Place,24,23282,Devon,leonorpruitt@velos.com,Velos,Leonor,M,Pruitt,WI
72,891 Clinton Avenue,25,9732,Echo,barlowrhodes@zialactic.com,Zialactic,Barlow,F,Rhodes,TN
77,698 Belmont Avenue,24,5724,Rockbridge,byrdconley@zidox.com,Zidox,Byrd,F,Conley,SC
84,553 Locust Street,34,3001,Snyderville,hutchinsonnewton@zaggles.com,Zaggles,Hutchinson,F,Newton,DC
89,960 Howard Alley,28,13263,Toftrees,mcdowellbradley@grok.com,Grok,Mcdowell,M,Bradley,TX
91,988 Voorhies Avenue,20,29799,Holcombe,vondagalloway@illumity.com,Illumity,Vonda,M,Galloway,HI
96,817 Caton Avenue,38,15933,Nelson,shirleyedwards@equitox.com,Equitox,Shirley,M,Edwards,MA
104,963 Railroad Avenue,29,32619,Davenport,caseyroth@hotcakes.com,Hotcakes,Casey,M,Roth,OH
109,610 Bethel Loop,31,25812,Hailesboro,gretchendawson@tetak.com,Tetak,Gretchen,M,Dawson,CO
111,922 Bryant Street,35,1481,Robinette,traciallison@enjola.com,Enjola,Traci,M,Allison,OR
116,965 Temple Court,24,21335,Strong,hobbswright@netbook.com,Netbook,Hobbs,M,Wright,CA
123,653 Haring Street,27,3079,Greensburg,cleobeach@proxsoft.com,Proxsoft,Cleo,F,Beach,ME
128,462 Ingraham Street,34,3556,Eureka,mackbullock@terascape.com,Terascape,Mack,F,Bullock,PA
130,841 Catherine Street,33,24171,Deputy,roxiecantu@skybold.com,Skybold,Roxie,M,Cantu,NE
135,473 Boardwalk ,40,24885,Norris,stevensoncrosby@accel.com,Accel,Stevenson,F,Crosby,OK
142,357 Landis Court,27,4544,Emerald,vanghughes@bolax.com,Bolax,Vang,M,Hughes,WY
147,484 Seton Place,28,35921,Dexter,charmainewhitney@comveyer.com,Comveyer,Charmaine,F,Whitney,DC
154,274 Lorraine Street,31,40945,Ballico,burnssolis@rodemco.com,Rodemco,Burns,M,Solis,WI
159,897 Manor Court,22,1696,Rosedale,alvarezmack@snorus.com,Snorus,Alvarez,F,Mack,CA
161,178 Court Street,37,4659,Belmont,doreenrandall@calcula.com,Calcula,Doreen,F,Randall,TX
166,352 Verona Street,23,33847,Brandermill,rutledgerivas@virxo.com,Virxo,Rutledge,M,Rivas,NE
173,127 Brooklyn Avenue,32,5989,Rodanthe,whitleyblevins@pawnagra.com,Pawnagra,Whitley,M,Blevins,ND
178,270 Story Court,39,36735,Lookingglass,clementsfinley@imaginart.com,Imaginart,Clements,F,Finley,MN
180,414 Clinton Street,32,34236,Rote,ursulagoodman@earthmark.com,Earthmark,Ursula,F,Goodman,AR
185,788 Fenimore Street,40,43532,Frank,laurelcline@prismatic.com,Prismatic,Laurel,M,Cline,UT
192,209 Williamsburg Street,31,23508,Grapeview,ramseycarr@strezzo.com,Strezzo,Ramsey,F,Carr,NM
197,712 Homecrest Court,33,17246,Sheatown,sweetsanders@isosure.com,Isosure,Sweet,F,Sanders,VT
200,653 Abbey Court,39,26210,Martell,terihester@electonic.com,Electonic,Teri,M,Hester,MD
205,331 John Street,28,45493,Sultana,johnsonchang@gleamink.com,Gleamink,Johnson,F,Chang,KS
212,362 Prince Street,39,10299,Oley,marisolfischer@autograte.com,Autograte,Marisol,M,Fischer,SC
217,854 Corbin Place,38,33730,Escondida,sallymccoy@omnigog.com,Omnigog,Sally,F,Mccoy,FL
224,241 Kaufman Place,28,42708,Chapin,billienixon@xanide.com,Xanide,Billie,F,Nixon,NY
229,176 Erasmus Street,30,2740,Caledonia,janahensley@isotrack.com,Isotrack,Jana,M,Hensley,ME
231,308 Harbor Lane,34,46180,Fillmore,essieclarke@pharmacon.com,Pharmacon,Essie,F,Clarke,MS
236,219 Luquer Street,39,41200,Bainbridge,suzannebird@imant.com,Imant,Suzanne,F,Bird,NY
243,787 Joval Court,20,29902,Mulberry,evangelinaperez@keengen.com,Keengen,Evangelina,M,Perez,SD
248,717 Hendrickson Place,36,49989,Maury,westengland@obliq.com,Obliq,West,M,England,WA
250,512 Bay Street,39,27893,Sunwest,earleneellis@codact.com,Codact,Earlene,F,Ellis,GA
255,470 Rost Place,38,49339,Disautel,ivarivers@mantrix.com,Mantrix,Iva,M,Rivers,MD
262,815 Atlantic Avenue,36,30289,Winchester,tamekalevine@acium.com,Acium,Tameka,F,Levine,SD
267,526 Holt Court,21,42753,Washington,weekscastillo@talendula.com,Talendula,Weeks,F,Castillo,NV
274,171 Banker Street,33,12104,Aberdeen,friedahouse@quonk.com,Quonk,Frieda,F,House,NJ
279,902 Bliss Terrace,32,15904,Bradenville,chapmanhart@kongene.com,Kongene,Chapman,F,Hart,NJ
281,133 Pilling Street,20,39830,Waterview,beanaguirre@amril.com,Amril,Bean,F,Aguirre,TX
286,169 Jefferson Avenue,35,39063,Stewart,rosettaturner@spacewax.com,Spacewax,Rosetta,M,Turner,MO
293,465 Boerum Place,28,29867,Crayne,cruzcarver@vitricomp.com,Vitricomp,Cruz,F,Carver,CO
298,589 Virginia Place,20,34334,Coinjock,bullockmarsh@renovize.com,Renovize,Bullock,M,Marsh,UT
301,532 Harrison Place,35,16782,Belleview,minervagraham@sureplex.com,Sureplex,Minerva,M,Graham,GA
306,196 Maujer Street,40,2171,Reinerton,hensleyhardin@neocent.com,Neocent,Hensley,M,Hardin,HI
313,132 Prescott Place,36,34108,Worton,alstonhenderson@prosure.com,Prosure,Alston,F,Henderson,IA
318,656 Lacon Court,34,8512,Juarez,nicholepearson@yurture.com,Yurture,Nichole,F,Pearson,MO
320,870 Degraw Street,37,34521,Torboy,pattibrennan@cognicode.com,Cognicode,Patti,F,Brennan,FL
325,681 Townsend Street,25,1956,Sterling,magdalenasimmons@geekosis.com,Geekosis,Magdalena,F,Simmons,CA
332,586 Montague Terrace,28,37770,Accoville,shepherddavenport@ecraze.com,Ecraze,Shepherd,F,Davenport,NM
337,183 Seigel Street,37,43432,Camino,monroestafford@centuria.com,Centuria,Monroe,F,Stafford,DE
344,700 Bedford Place,35,42654,Campo,sashabaxter@callflex.com,Callflex,Sasha,F,Baxter,MI
349,913 Arlington Avenue,22,24180,Marbury,allisonfitzpatrick@veraq.com,Veraq,Allison,F,Fitzpatrick,TX
351,181 Beaver Street,29,47089,Denio,hendrixstephens@recrisys.com,Recrisys,Hendrix,M,Stephens,OR
356,700 Anchorage Place,20,34540,Goldfield,lourdesvaldez@interloo.com,Interloo,Lourdes,F,Valdez,OK
363,613 Engert Avenue,21,34007,Chautauqua,peggybright@inventure.com,Inventure,Peggy,M,Bright,ME
368,892 Taaffe Place,39,23535,Nutrioso,hoopertyson@zaggle.com,Zaggle,Hooper,M,Tyson,ME
370,773 Adelphi Street,25,28499,Yorklyn,oneillcarney@bedder.com,Bedder,Oneill,F,Carney,FL
375,564 Hale Avenue,25,23860,Brule,phoebepatton@xoggle.com,Xoggle,Phoebe,M,Patton,NM
382,407 Clay Street,37,42061,Bedias,finleysingleton@quarex.com,Quarex,Finley,F,Singleton,LA
387,818 Bayard Street,29,35916,Chloride,aprilhill@kengen.com,Kengen,April,M,Hill,NC
394,221 Ralph Avenue,38,6121,Longoria,lorrienunez@bullzone.com,Bullzone,Lorrie,M,Nunez,ID
399,617 Dewey Place,23,32587,Sanders,carmelafranks@zensure.com,Zensure,Carmela,M,Franks,DC
402,538 Pershing Loop,32,1282,Elbert,pachecorosales@circum.com,Circum,Pacheco,M,Rosales,ID
407,883 Loring Avenue,29,36417,Topaz,gildajacobson@comveyor.com,Comveyor,Gilda,F,Jacobson,NH
414,643 Kermit Place,37,17506,Vaughn,conwaydaugherty@lyria.com,Lyria,Conway,F,Daugherty,NV
419,736 Kingsland Avenue,29,34847,Edinburg,helenmontoya@hairport.com,Hairport,Helen,F,Montoya,NE
421,764 Bragg Court,27,46868,Tivoli,tamikamccall@eventix.com,Eventix,Tamika,F,Mccall,RI
426,768 Keap Street,31,4499,Coldiron,julieparsons@goko.com,Goko,Julie,M,Parsons,VA
433,154 Douglass Street,39,19266,Coultervillle,wilkinsonflowers@xsports.com,Xsports,Wilkinson,M,Flowers,MN
438,931 Farragut Road,27,16367,Tyro,waltervelez@virva.com,Virva,Walter,F,Velez,WV
440,102 Barwell Terrace,31,41590,Hardyville,raywiley@polaria.com,Polaria,Ray,F,Wiley,IA
445,164 Boerum Street,34,41178,Riner,rodriguezmacias@xylar.com,Xylar,Rodriguez,M,Macias,AL
452,443 Sackett Street,39,3589,Gasquet,blackwelldelaney@imkan.com,Imkan,Blackwell,F,Delaney,DC
457,975 Dakota Place,34,14057,Chemung,bushgordon@softmicro.com,Softmicro,Bush,M,Gordon,PA
464,823 Sunnyside Avenue,21,20504,Wintersburg,cobbhumphrey@apexia.com,Apexia,Cobb,M,Humphrey,NY
469,565 Hall Street,26,26509,Springhill,marcishepherd@shadease.com,Shadease,Marci,M,Shepherd,IL
471,249 Amity Street,36,7629,Norfolk,juanasilva@artworlds.com,Artworlds,Juana,M,Silva,TX
476,183 Eldert Street,31,33386,Hachita,silvamarks@medifax.com,Medifax,Silva,F,Marks,RI
483,758 Preston Court,29,6344,Healy,kelleyharper@xyqag.com,Xyqag,Kelley,M,Harper,IA
488,428 Lee Avenue,38,6289,Englevale,wilmahopkins@entality.com,Entality,Wilma,M,Hopkins,WI
490,134 Beach Place,26,1447,Allentown,stronghendrix@duoflex.com,Duoflex,Strong,F,Hendrix,ND
495,887 President Street,40,13478,Bagtown,abigailnichols@enquility.com,Enquility,Abigail,F,Nichols,NM
503,518 Bowery Street,39,42649,Boonville,letastout@pivitol.com,Pivitol,Leta,F,Stout,ND
508,987 Rose Street,27,41300,Woodburn,lawrencemathews@deviltoe.com,Deviltoe,Lawrence,F,Mathews,FL
510,566 Village Road,28,48504,Wedgewood,pettysykes@nebulean.com,Nebulean,Petty,M,Sykes,MO
515,827 Miami Court,27,18531,Gila,lottkeller@translink.com,Translink,Lott,M,Keller,TX
522,396 Grove Place,29,19879,Felt,faulknergarrett@pigzart.com,Pigzart,Faulkner,F,Garrett,AR
527,816 Victor Road,35,2028,Nadine,carverpeters@housedown.com,Housedown,Carver,M,Peters,MD
534,500 Highlawn Avenue,25,20470,Gorst,cristinarusso@cyclonica.com,Cyclonica,Cristina,F,Russo,KS
539,741 Pineapple Street,23,24560,Kennedyville,tamimaddox@accidency.com,Accidency,Tami,F,Maddox,OH
541,904 Clarendon Road,32,42915,Johnsonburg,loganburke@overplex.com,Overplex,Logan,M,Burke,OH
546,382 Columbia Street,33,43242,Sena,bernicesims@verbus.com,Verbus,Bernice,M,Sims,KY
553,396 Lafayette Avenue,28,28390,Thatcher,aimeecohen@eplode.com,Eplode,Aimee,M,Cohen,NJ
558,979 Kensington Street,20,8922,Greenbush,hornevalenzuela@isoternia.com,Isoternia,Horne,F,Valenzuela,NC
560,995 Autumn Avenue,26,24514,Joppa,feleciaoneill@mediot.com,Mediot,Felecia,M,Oneill,IN
565,113 Will Place,37,15197,Collins,tayloringram@lyrichord.com,Lyrichord,Taylor,F,Ingram,ME
572,994 Chester Court,20,49355,Hayes,thereseespinoza@gonkle.com,Gonkle,Therese,M,Espinoza,UT
577,294 Troutman Street,38,21398,Greer,gilbertserrano@senmao.com,Senmao,Gilbert,F,Serrano,MT
584,971 Heyward Street,40,5346,Bluffview,pearsonbryant@anacho.com,Anacho,Pearson,F,Bryant,MN
589,425 Bath Avenue,39,33260,Blue,erickacote@venoflex.com,Venoflex,Ericka,F,Cote,CT
591,919 Johnson Street,34,48997,Townsend,riversmacdonald@ziore.com,Ziore,Rivers,F,Macdonald,IL
596,963 Vanderveer Place,26,4063,Rossmore,letitiawalker@zizzle.com,Zizzle,Letitia,F,Walker,ID
604,854 Broadway ,23,10675,Ventress,isabelgilliam@zenthall.com,Zenthall,Isabel,M,Gilliam,WI
609,169 Schroeders Avenue,30,28586,Croom,montgomerywashington@kongle.com,Kongle,Montgomery,M,Washington,AZ
611,705 Elm Avenue,33,17528,Rew,katherineprince@zillacon.com,Zillacon,Katherine,F,Prince,MI
616,683 Chester Avenue,35,25276,Marysville,jessiemayer@emtrak.com,Emtrak,Jessie,F,Mayer,HI
623,312 Grimes Road,32,20514,Fostoria,rosecombs@aquamate.com,Aquamate,Rose,F,Combs,OH
628,863 Rugby Road,37,42736,Camas,bucknerchen@jamnation.com,Jamnation,Buckner,M,Chen,TX
630,451 Bayview Avenue,31,46060,Kylertown,leannejones@wazzu.com,Wazzu,Leanne,M,Jones,OK
635,330 Gates Avenue,33,44705,Riceville,normangilmore@comfirm.com,Comfirm,Norman,M,Gilmore,TN
642,305 Powell Street,35,32852,Florence,reynaharris@bedlam.com,Bedlam,Reyna,M,Harris,KS
647,299 Kensington Walk,30,10147,Soudan,annabellevelazquez@sealoud.com,Sealoud,Annabelle,M,Velazquez,ME
654,899 Seeley Street,25,38695,Cherokee,armstrongfrazier@zensor.com,Zensor,Armstrong,M,Frazier,UT
659,270 Aberdeen Street,40,29648,Chamberino,dorseysosa@daycore.com,Daycore,Dorsey,M,Sosa,SC
661,910 Montauk Avenue,39,3679,Valmy,joannespencer@visalia.com,Visalia,Joanne,F,Spencer,NH
666,658 Just Court,40,13880,Warren,mcguirelloyd@centrexin.com,Centrexin,Mcguire,F,Lloyd,MT
673,565 Montgomery Place,33,11303,Garnet,mcdanielharrell@eyeris.com,Eyeris,Mcdaniel,M,Harrell,NV
678,350 Clark Street,28,43663,Aurora,rubyshaffer@comtrail.com,Comtrail,Ruby,M,Shaffer,MA
680,771 Montana Place,32,31561,Sparkill,meltoncamacho@insuresys.com,Insuresys,Melton,F,Camacho,IN
685,193 Dekalb Avenue,24,22249,Lupton,yeseniarowland@coriander.com,Coriander,Yesenia,F,Rowland,NC
692,267 Lenox Road,21,10435,Detroit,haneybarlow@egypto.com,Egypto,Haney,F,Barlow,IN
697,318 Dunne Court,24,48745,Montura,malloryemerson@exoplode.com,Exoplode,Mallory,F,Emerson,LA
700,440 King Street,21,19164,Mammoth,pateldurham@icology.com,Icology,Patel,F,Durham,IL
705,604 Drew Street,22,28415,Dalton,krystalcross@tubesys.com,Tubesys,Krystal,M,Cross,MO
712,486 Hemlock Street,37,12459,Verdi,butleralston@quordate.com,Quordate,Butler,M,Alston,MS
717,873 Franklin Street,31,29270,Jessie,ericksonmcdonald@exotechno.com,Exotechno,Erickson,M,Mcdonald,MS
724,849 Hendrickson Street,31,12548,Faxon,hopperpeck@uxmox.com,Uxmox,Hopper,M,Peck,UT
729,791 Olive Street,36,41812,Innsbrook,katyrivera@blurrybus.com,Blurrybus,Katy,F,Rivera,MI
731,990 Ocean Court,35,4994,Lavalette,loreneweiss@comvoy.com,Comvoy,Lorene,M,Weiss,WI
736,423 Cameron Court,21,28677,Saddlebrooke,rogersmcmahon@brainclip.com,Brainclip,Rogers,F,Mcmahon,FL
743,842 Fountain Avenue,23,14077,Temperanceville,susanamoody@bitrex.com,Bitrex,Susana,M,Moody,TN
748,926 Cypress Avenue,25,38060,Beason,fordbranch@buzzness.com,Buzzness,Ford,M,Branch,DC
750,601 Woodhull Street,20,40481,Groton,cheriebrooks@kaggle.com,Kaggle,Cherie,F,Brooks,MA
755,453 Times Placez,22,43878,Belva,bartlettconway@konnect.com,Konnect,Bartlett,M,Conway,VT
762,990 Ocean Parkway,20,10291,Hegins,amandahead@zentury.com,Zentury,Amanda,F,Head,AR
767,179 Fayette Street,27,26220,Iberia,anthonysutton@xiix.com,Xiix,Anthony,F,Sutton,TN
774,991 Brightwater Avenue,38,35287,Leola,lynnettealvarez@gink.com,Gink,Lynnette,F,Alvarez,NC
779,104 Harbor Court,32,40983,Floris,maggiepace@bulljuice.com,Bulljuice,Maggie,F,Pace,MA
781,879 Dover Street,26,29961,Martinez,sanfordmullen@zanity.com,Zanity,Sanford,F,Mullen,TX
786,506 Randolph Street,33,3024,Vienna,renevang@isopop.com,Isopop,Rene,M,Vang,NJ
793,186 Veronica Place,36,16911,Sugartown,alfordcompton@zyple.com,Zyple,Alford,M,Compton,AK
798,325 Burnett Street,30,3165,Glenbrook,catherineward@dreamia.com,Dreamia,Catherine,F,Ward,SD
801,518 Maple Avenue,37,14954,Hebron,mollymaldonado@straloy.com,Straloy,Molly,M,Maldonado,WI
806,984 Lois Avenue,31,36492,Leland,carsonriddle@terrago.com,Terrago,Carson,M,Riddle,MN
813,487 Ridge Court,20,30833,Fairmount,ebonybishop@optique.com,Optique,Ebony,M,Bishop,WA
818,641 Glenwood Road,26,24433,Floriston,espinozapetersen@futurity.com,Futurity,Espinoza,M,Petersen,MD
820,806 Village Court,24,1011,Tibbie,shepardramsey@mantro.com,Mantro,Shepard,F,Ramsey,NV
825,590 Conway Street,21,49000,Forbestown,terrawitt@insectus.com,Insectus,Terra,F,Witt,AR
832,511 Osborn Street,39,8582,Worcester,lauragibbs@corepan.com,Corepan,Laura,F,Gibbs,KS
837,381 Stillwell Place,35,14485,Sanford,amyvillarreal@fleetmix.com,Fleetmix,Amy,M,Villarreal,IA
844,346 Legion Street,31,26840,Saticoy,jilldavid@zytrax.com,Zytrax,Jill,M,David,SC
849,931 Dekoven Court,26,16200,Whitestone,barrychapman@darwinium.com,Darwinium,Barry,M,Chapman,WY
851,530 Hausman Street,33,22026,Brutus,hendersonprice@plutorque.com,Plutorque,Henderson,F,Price,RI
856,258 Empire Boulevard,25,27583,Hartsville/Hartley,alissaknox@geologix.com,Geologix,Alissa,M,Knox,MN
863,661 Johnson Avenue,40,23165,Farmers,melendezfernandez@vixo.com,Vixo,Melendez,M,Fernandez,IL
868,129 Frank Court,22,27624,Loyalhanna,pollybarron@geofarm.com,Geofarm,Polly,M,Barron,ND
870,164 Montague Street,21,43882,Weedville,goffphelps@digigen.com,Digigen,Goff,M,Phelps,IL
875,608 Perry Place,24,19655,Eggertsville,mercerpratt@twiggery.com,Twiggery,Mercer,M,Pratt,MO
882,963 Gerald Court,39,10895,Lithium,marilandry@kenegy.com,Kenegy,Mari,M,Landry,NC
887,707 Stuyvesant Avenue,36,31772,Westwood,eunicewatts@memora.com,Memora,Eunice,F,Watts,TN
894,787 Meserole Street,32,1031,Woodlands,tylerfitzgerald@jetsilk.com,Jetsilk,Tyler,M,Fitzgerald,WV
899,724 Kimball Street,23,32953,Tecolotito,carneycallahan@mangelica.com,Mangelica,Carney,M,Callahan,MT
902,237 Duryea Court,23,13345,Boykin,halliejarvis@anixang.com,Anixang,Hallie,F,Jarvis,IN
907,826 Overbaugh Place,36,12961,Kimmell,ingramwilliam@genmex.com,Genmex,Ingram,M,William,AK
914,583 Macon Street,32,7120,Homeworth,estherbean@applica.com,Applica,Esther,F,Bean,MN
919,557 Hart Place,27,39655,Outlook,shaunahanson@exospace.com,Exospace,Shauna,M,Hanson,LA
921,687 Hoyts Lane,29,49119,Sattley,barbarawade@roughies.com,Roughies,Barbara,M,Wade,CO
926,833 Quincy Street,21,49433,Hampstead,welchmcgowan@atomica.com,Atomica,Welch,M,Mcgowan,VT
933,916 Rogers Avenue,21,18071,Lawrence,tabithacole@eclipto.com,Eclipto,Tabitha,F,Cole,TX
938,215 Matthews Place,40,9597,Wattsville,sharronsantos@zenco.com,Zenco,Sharron,F,Santos,VT
940,806 Kossuth Place,38,23285,Coaldale,melindamendoza@kneedles.com,Kneedles,Melinda,M,Mendoza,OK
945,287 Conduit Boulevard,33,23085,Taycheedah,hansenhebert@capscreen.com,Capscreen,Hansen,F,Hebert,AK
952,659 Reeve Place,33,21430,Turpin,angeliqueweeks@exodoc.com,Exodoc,Angelique,M,Weeks,MD
957,668 Court Square,31,11373,Rosburg,michaelgiles@yogasm.com,Yogasm,Michael,M,Giles,WV
964,618 Crystal Street,34,26154,Gallina,elenawaller@insurety.com,Insurety,Elena,F,Waller,NY
969,952 Lester Court,30,22214,Roland,briggslynn@quinex.com,Quinex,Briggs,M,Lynn,ID
971,964 Tudor Terrace,32,22772,Falmouth,gabriellereilly@blanet.com,Blanet,Gabrielle,F,Reilly,AL
976,711 Whitney Avenue,26,31707,Mooresburg,mullentanner@pulze.com,Pulze,Mullen,M,Tanner,MA
983,418 Allen Avenue,24,47205,Dupuyer,mattieeaton@trasola.com,Trasola,Mattie,F,Eaton,NJ
988,425 Fleet Walk,34,17803,Mulino,lucycastro@geekfarm.com,Geekfarm,Lucy,F,Castro,VA
990,809 Hoyt Street,35,44456,Stewartville,kellysteele@eschoir.com,Eschoir,Kelly,M,Steele,ID
995,666 Miller Place,25,21153,Brecon,phelpsparrish@pearlessa.com,Pearlessa,Phelps,M,Parrish,ME
